hierarchy_id,from_node,to_node,from_label,to_label,from_lon,from_lat,to_lon,to_lat,candidate_tier,service_role,need_class,readiness_basis,evidence_label,claim_boundary
EUR-HIER-T1-001,ANR,CGN,Antwerp,Cologne,4.40,51.22,6.96,50.94,T1,cross-border spine,North Sea port cluster to Rhine industrial spine,road_graph_source_needed;need_surface_source_needed,heuristic-held,not an official EU corridor designation SLA construction ROI eligibility compliance endorsement or validation claim
EUR-HIER-T1-002,CGN,FRA,Cologne,Frankfurt,6.96,50.94,8.68,50.11,T1,cross-border spine,Rhine industrial reliability and inland hub continuity,road_graph_source_needed;need_surface_source_needed,heuristic-held,not an official EU corridor designation SLA construction ROI eligibility compliance endorsement or validation claim
EUR-HIER-T1-003,FRA,BSL,Frankfurt,Basel,8.68,50.11,7.59,47.56,T1,cross-border spine,Alpine gateway continuity candidate,road_graph_source_needed;constraint_source_needed,heuristic-held,not an official EU corridor designation SLA construction ROI eligibility compliance endorsement or validation claim
EUR-HIER-T1-004,BSL,MIL,Basel,Milan,7.59,47.56,9.19,45.46,T1,cross-border spine,Alpine crossing to northern Italy market candidate,road_graph_source_needed;constraint_source_needed,heuristic-held,not an official EU corridor designation SLA construction ROI eligibility compliance endorsement or validation claim
EUR-HIER-T2-001,RTM,ANR,Rotterdam,Antwerp,4.48,51.92,4.40,51.22,T2,port cluster connector,North Sea port cluster access,port_node_source_needed;need_surface_source_needed,heuristic-held,not an official EU corridor designation SLA construction ROI eligibility compliance endorsement or validation claim
EUR-HIER-T2-002,MIL,GOA,Milan,Genoa,9.19,45.46,8.93,44.41,T2,regional port connector,Mediterranean port access connector,port_node_source_needed;constraint_source_needed,heuristic-held,not an official EU corridor designation SLA construction ROI eligibility compliance endorsement or validation claim
EUR-HIER-T3-001,CGN,RUR,Cologne,Ruhr,6.96,50.94,7.22,51.48,T3,industrial access feeder,Ruhr industrial access candidate,node_source_needed;need_surface_source_needed,heuristic-held,not an official EU corridor designation SLA construction ROI eligibility compliance endorsement or validation claim
EUR-HIER-T3-002,FRA,STR,Frankfurt,Stuttgart,8.68,50.11,9.18,48.78,T3,metro access feeder,Southwest Germany industry access candidate,node_source_needed;need_surface_source_needed,heuristic-held,not an official EU corridor designation SLA construction ROI eligibility compliance endorsement or validation claim
EUR-HIER-T3-003,BSL,ZRH,Basel,Zurich,7.59,47.56,8.54,47.38,T3,metro access feeder,Swiss metro and logistics access candidate,node_source_needed;constraint_source_needed,heuristic-held,not an official EU corridor designation SLA construction ROI eligibility compliance endorsement or validation claim
