deliverable_id,deliverable,description,buyer_value,held_claims
monitored_signal_ledger,Monitored signal ledger,"Maintained rows for incidents, closures, reliability drift, EV risk, signage/routing risk, terminal access, asset drift, and evidence status.","Shows what changed and why it matters to the service promise.","traffic_control|automated_control"
promise_at_risk_board,Promise-at-risk board,"Current list of service promises, affected routes or nodes, evidence status, and next review owner.","Keeps leadership and operators aligned on the operating risk.","guaranteed_sla|public_readiness"
simulation_comparison_packets,Simulation comparison packets,"Base case, switch option, blocked option, evidence label, and operator approval need for selected scenarios.","Turns resilience from a static plan into rehearsed choices.","legal_detour|incident_command"
switch_playbook_register,Switch playbook register,"Reroute, signage, EV support, recovery, asset, access, communication, and investment posture rows.","Converts monitoring exceptions into governed decisions.","traffic_control|live_integration"
signage_routing_advisory_queue,Signage and routing advisory queue,"Candidate message-board, route-split, truck, local access, and driver information posture for operator review.","Helps avoid confusing or late guidance without claiming control authority.","traffic_control|legal_detour"
ev_support_queue,EV support queue,"Range, charging, queue, staging, utility, and weather support rows tied to route options.","Makes EV-sensitive resilience visible before a disruption.","ev_availability|guaranteed_sla"
evidence_boundary_ledger,Evidence boundary ledger,"Source-backed, heuristic, source-needed, held, expired, and unsafe-to-repeat claims.","Protects leadership language and sales claims from overreach.","endorsement|roi|public_readiness"
executive_readout,Executive readout,"Monthly and closeout memo with monitored drift, scenarios, decisions, holds, and renewal recommendation.","Gives the sponsor a repeatable board-safe story.","procurement_readiness|endorsement"
renewal_recommendation,Renewal recommendation,"Choice of quarterly DCR review, event review, workbench buildout, or stop/hold.","Creates a paid continuation path from observed operating value.","roi|construction|live_integration"
