route,tier,score,constraint_adjusted_score,rank,selected,selected_stop_count,top_city_stop_count,sla_pair_count,budget_cost,hard_blocker_count,claim_blocker_count,constraint_debt_cost_m,lifecycle_debt_cost_m,constraint_penalty_score,top_constraint_classes,constraint_ledger_artifact,decision,reason,selected_stops,top_city_stops,sla_pairs
I95,T1,98.3,98.3,1,true,11,5,11,11,0,0,0.00,0.00,0.00,none,,select,sla-required-budget-fit,STOP-HAMPTON-ROADS;STOP-NY-NJ;STOP-MIA;STOP-BAL-PHL;STOP-BALTIMORE;STOP-JAX;STOP-RALEIGH;STOP-RIC;STOP-CAPITAL-BELTWAY;STOP-BOS;STOP-SAV,STOP-HAMPTON-ROADS;STOP-NY-NJ;STOP-MIA;STOP-BAL-PHL;STOP-BALTIMORE,NYC-LA-48;NYC-SFO-48;NYC-SEA-48;LA-DC-48;PHX-NYC-48;NYC-MIA-36;DFW-NYC-36;HOU-NYC-36;DEN-NYC-36;SLC-NYC-48;NYC-ATL-36
I5,T1,93.3,93.3,2,true,6,3,7,6,0,0,0.00,0.00,0.00,none,,select,sla-required-budget-fit,STOP-BLAINE;STOP-LA-LB;STOP-SD-TJ;STOP-PORTLAND;STOP-SAC;STOP-SEA,STOP-BLAINE;STOP-LA-LB;STOP-SD-TJ,NYC-LA-48;BOS-LA-48;LA-CHI-36;ATL-LA-48;JAX-LA-48;KC-LA-36;MEM-LA-36
I80,T1,89.8,89.8,3,true,9,3,11,9,0,0,0.00,0.00,0.00,none,,select,sla-required-budget-fit,STOP-NY-NJ;STOP-CHI-GARY;STOP-TOLEDO;STOP-SAC;STOP-SLC;STOP-OMAHA;STOP-SOUTH-BEND;STOP-CHEYENNE;STOP-DESMOINES,STOP-NY-NJ;STOP-CHI-GARY;STOP-TOLEDO,NYC-LA-48;NYC-SFO-48;NYC-SEA-48;BOS-LA-48;LA-CHI-36;HOU-CHI-36;SFO-CHI-36;ATL-SEA-48;MIA-CHI-36;SLC-NYC-48;KC-LA-36
I90,T1,84.6,84.6,4,true,8,3,5,8,0,0,0.00,0.00,0.00,none,,select,sla-required-budget-fit,STOP-CHI-GARY;STOP-TOLEDO;STOP-BILLINGS;STOP-RAPID-CITY;STOP-SEA;STOP-SOUTH-BEND;STOP-BOS;STOP-MILWAUKEE,STOP-CHI-GARY;STOP-TOLEDO;STOP-BILLINGS,NYC-SEA-48;BOS-LA-48;SEA-CHI-36;ATL-SEA-48;BOS-SEA-48
I10,T1,95.9,95.9,5,true,10,5,9,10,0,0,0.00,0.00,0.00,none,,select,sla-required-budget-fit,STOP-HOU;STOP-LA-LB;STOP-ELP-JRZ;STOP-SAT;STOP-GULFPORT;STOP-JAX;STOP-NOLA-BR;STOP-PHX;STOP-LAFAYETTE;STOP-MOBILE,STOP-HOU;STOP-LA-LB;STOP-ELP-JRZ;STOP-SAT;STOP-GULFPORT,LA-MIA-48;LA-DC-48;PHX-NYC-48;HOU-CHI-36;ATL-LA-48;JAX-LA-48;HOU-NYC-36;MEM-LA-36;HOU-LA-36
I75,T1,87.3,87.3,6,true,9,4,2,9,0,0,0.00,0.00,0.00,none,,select,sla-required-budget-fit,STOP-DETROIT;STOP-MIA;STOP-ATL;STOP-TOLEDO;STOP-CINCINNATI;STOP-CHATTANOOGA;STOP-KNOXVILLE;STOP-LEXINGTON;STOP-TAMPA,STOP-DETROIT;STOP-MIA;STOP-ATL;STOP-TOLEDO,LA-MIA-48;MIA-CHI-36
I70,T1,78.9,78.9,7,true,8,4,5,8,0,0,0.00,0.00,0.00,none,,select,sla-required-budget-fit,STOP-KC;STOP-STL;STOP-BALTIMORE;STOP-DEN;STOP-COLUMBUS;STOP-INDY;STOP-PITTSBURGH;STOP-HAGERSTOWN,STOP-KC;STOP-STL;STOP-BALTIMORE;STOP-DEN,PHX-NYC-48;DFW-NYC-36;HOU-NYC-36;DEN-NYC-36;KC-LA-36
I40,T1,78.7,78.7,8,true,10,2,3,10,0,0,0.00,0.00,0.00,none,,select,sla-required-budget-fit,STOP-MEM;STOP-BARSTOW;STOP-CLT;STOP-LITTLE-ROCK;STOP-NASHVILLE;STOP-OKC;STOP-RALEIGH;STOP-ABQ;STOP-KNOXVILLE;STOP-AMARILLO,STOP-MEM;STOP-BARSTOW,LA-DC-48;PHX-NYC-48;MEM-LA-36
I35,T1,81.5,81.5,9,true,9,4,4,9,0,0,0.00,0.00,0.00,none,,select,sla-required-budget-fit,STOP-LAREDO;STOP-DFW;STOP-KC;STOP-SAT;STOP-MSP;STOP-OKC;STOP-DESMOINES;STOP-WACO;STOP-AUS,STOP-LAREDO;STOP-DFW;STOP-KC;STOP-SAT,HOU-CHI-36;ATL-SEA-48;DFW-NYC-36;HOU-NYC-36
I20,T1,76.4,76.4,10,true,7,2,3,7,0,0,0.00,0.00,0.00,none,,select,sla-required-budget-fit,STOP-ATL;STOP-DFW;STOP-BIRMINGHAM;STOP-ABILENE;STOP-COLUMBIA-SC;STOP-JACKSON-MS;STOP-SHREVEPORT,STOP-ATL;STOP-DFW,ATL-LA-48;ATL-SEA-48;NYC-ATL-36
I69,T1,84.7,84.7,11,false,4,3,0,4,0,0,0.00,0.00,0.00,route_budget,data/optimizer-constraint-ledger.csv,reject-score-exception,score-exception-demoted,STOP-HOU;STOP-CHI-GARY;STOP-MEM;STOP-PADUCAH,STOP-HOU;STOP-CHI-GARY;STOP-MEM,
I84,T1,82.6,82.6,12,true,3,0,0,3,0,0,0.00,0.00,0.00,none,,select,score-exception-keep,STOP-PORTLAND;STOP-SLC;STOP-BOISE,,
I64,T1,77.2,77.2,13,false,6,3,0,6,0,0,0.00,0.00,0.00,route_budget,data/optimizer-constraint-ledger.csv,reject-route-budget,route-budget-exhausted,STOP-HAMPTON-ROADS;STOP-LOUISVILLE;STOP-STL;STOP-RIC;STOP-CHARLESTON-WV;STOP-LEXINGTON,STOP-HAMPTON-ROADS;STOP-LOUISVILLE;STOP-STL,
I94,T1,76.6,76.6,14,false,6,3,0,6,0,0,0.00,0.00,0.00,route_budget,data/optimizer-constraint-ledger.csv,reject-route-budget,route-budget-exhausted,STOP-DETROIT;STOP-CHI-GARY;STOP-BILLINGS;STOP-MSP;STOP-FARGO;STOP-MILWAUKEE,STOP-DETROIT;STOP-CHI-GARY;STOP-BILLINGS,
I395,T1,71.7,71.7,15,false,2,0,0,2,0,0,0.00,0.00,0.00,route_budget,data/optimizer-constraint-ledger.csv,reject-route-budget,route-budget-exhausted,STOP-CAPITAL-BELTWAY;STOP-TYSONS-ALEXANDRIA,,
I55,T1,71.0,71.0,16,false,4,2,0,4,0,0,0.00,0.00,0.00,route_budget,data/optimizer-constraint-ledger.csv,reject-route-budget,route-budget-exhausted,STOP-MEM;STOP-STL;STOP-NOLA-BR;STOP-JACKSON-MS,STOP-MEM;STOP-STL,
I45,T1,70.2,70.2,17,false,3,2,0,3,0,0,0.00,0.00,0.00,route_budget,data/optimizer-constraint-ledger.csv,reject-route-budget,route-budget-exhausted,STOP-HOU;STOP-DFW;STOP-WACO,STOP-HOU;STOP-DFW,
I610,T2,69.4,69.4,18,false,1,1,0,1,0,0,0.00,0.00,0.00,game_ops_bundle_binding_relief,data/optimizer-constraint-ledger.csv,reject-tier,not-t1-score-band,STOP-HOU,STOP-HOU,
US287,T2,68.7,68.7,19,false,3,1,0,3,0,0,0.00,0.00,0.00,none,,reject-tier,not-t1-score-band,STOP-DEN;STOP-CHEYENNE;STOP-AMARILLO,STOP-DEN,
I85,T2,68.1,68.1,20,false,5,1,0,5,0,0,0.00,0.00,0.00,none,,reject-tier,not-t1-score-band,STOP-ATL;STOP-CLT;STOP-RALEIGH;STOP-RIC;STOP-MONTGOMERY,STOP-ATL,
I195,T2,67.4,67.4,21,false,0,0,0,0,0,0,0.00,0.00,0.00,game_ops_bundle_binding_relief,data/optimizer-constraint-ledger.csv,reject-tier,not-t1-score-band,,,
I25,T2,66.3,66.3,22,false,3,1,0,3,0,0,0.00,0.00,0.00,beck_label_density_relief,data/optimizer-constraint-ledger.csv,reject-tier,not-t1-score-band,STOP-DEN;STOP-ABQ;STOP-CHEYENNE,STOP-DEN,
I15,T2,65.4,65.4,23,false,4,2,0,4,0,0,0.00,0.00,0.00,none,,reject-tier,not-t1-score-band,STOP-LA-LB;STOP-BARSTOW;STOP-SLC;STOP-LASVEGAS,STOP-LA-LB;STOP-BARSTOW,
I65,T2,64.9,64.9,24,false,6,1,0,6,0,0,0.00,0.00,0.00,beck_transfer_complexity_relief,data/optimizer-constraint-ledger.csv,reject-tier,not-t1-score-band,STOP-LOUISVILLE;STOP-BIRMINGHAM;STOP-INDY;STOP-NASHVILLE;STOP-MOBILE;STOP-MONTGOMERY,STOP-LOUISVILLE,
I270,T2,64.3,64.3,25,false,0,0,0,0,0,0,0.00,0.00,0.00,game_ops_bundle_binding_relief,data/optimizer-constraint-ledger.csv,reject-tier,not-t1-score-band,,,
I495,T2,64.3,64.3,26,false,2,0,0,2,0,0,0.00,0.00,0.00,beck_label_density_relief,data/optimizer-constraint-ledger.csv,reject-tier,not-t1-score-band,STOP-CAPITAL-BELTWAY;STOP-TYSONS-ALEXANDRIA,,
I285,T2,63.3,63.3,27,false,1,1,0,1,0,0,0.00,0.00,0.00,beck_label_density_relief,data/optimizer-constraint-ledger.csv,reject-tier,not-t1-score-band,STOP-ATL,STOP-ATL,
I405,T2,63.2,63.2,28,false,1,1,0,1,0,0,0.00,0.00,0.00,beck_label_density_relief,data/optimizer-constraint-ledger.csv,reject-tier,not-t1-score-band,STOP-LA-LB,STOP-LA-LB,
I240,T2,62.3,62.3,29,false,0,0,0,0,0,0,0.00,0.00,0.00,game_ops_bundle_binding_relief,data/optimizer-constraint-ledger.csv,reject-tier,not-t1-score-band,,,
I59,T2,62.2,62.2,30,false,2,0,0,2,0,0,0.00,0.00,0.00,none,,reject-tier,not-t1-score-band,STOP-BIRMINGHAM;STOP-CHATTANOOGA,,
I24,T2,61.5,61.5,31,false,3,0,0,3,0,0,0.00,0.00,0.00,none,,reject-tier,not-t1-score-band,STOP-NASHVILLE;STOP-CHATTANOOGA;STOP-PADUCAH,,
I30,T2,61.3,61.3,32,false,2,1,0,2,0,0,0.00,0.00,0.00,none,,reject-tier,not-t1-score-band,STOP-DFW;STOP-LITTLE-ROCK,STOP-DFW,
I680,T2,60.2,60.2,33,false,0,0,0,0,0,0,0.00,0.00,0.00,game_ops_bundle_binding_relief,data/optimizer-constraint-ledger.csv,reject-tier,not-t1-score-band,,,
I49,T2,59.9,59.9,34,false,3,1,0,3,0,0,0.00,0.00,0.00,beck_label_density_relief,data/optimizer-constraint-ledger.csv,reject-tier,not-t1-score-band,STOP-KC;STOP-JOPLIN;STOP-SHREVEPORT,STOP-KC,
I81,T2,58.5,58.5,35,false,4,0,0,4,0,0,0.00,0.00,0.00,beck_transfer_complexity_relief,data/optimizer-constraint-ledger.csv,reject-tier,not-t1-score-band,STOP-HARRISBURG;STOP-ROANOKE;STOP-WYTHEVILLE;STOP-HAGERSTOWN,,
I44,T2,58.4,58.4,36,false,4,1,0,4,0,0,0.00,0.00,0.00,beck_long_connector_relief,data/optimizer-constraint-ledger.csv,reject-tier,not-t1-score-band,STOP-STL;STOP-OKC;STOP-JOPLIN;STOP-TULSA,STOP-STL,
I77,T2,58.2,58.2,37,false,4,0,0,4,0,0,0.00,0.00,0.00,none,,reject-tier,not-t1-score-band,STOP-CLT;STOP-CHARLESTON-WV;STOP-WYTHEVILLE;STOP-COLUMBIA-SC,,
I205,T2,56.9,56.9,38,false,1,0,0,1,0,0,0.00,0.00,0.00,game_ops_bundle_binding_relief,data/optimizer-constraint-ledger.csv,reject-tier,not-t1-score-band,STOP-PORTLAND,,
I225,T2,55.8,55.8,39,false,0,0,0,0,0,0,0.00,0.00,0.00,game_ops_bundle_binding_relief,data/optimizer-constraint-ledger.csv,reject-tier,not-t1-score-band,,,
I295,T2,55.0,55.0,40,false,1,0,0,1,0,0,0.00,0.00,0.00,game_ops_bundle_binding_relief,data/optimizer-constraint-ledger.csv,reject-tier,not-t1-score-band,STOP-JAX,,
I635,T2,54.9,54.9,41,false,0,0,0,0,0,0,0.00,0.00,0.00,game_ops_bundle_binding_relief,data/optimizer-constraint-ledger.csv,reject-tier,not-t1-score-band,,,
I664,T2,54.8,54.8,42,false,1,1,0,1,0,0,0.00,0.00,0.00,game_ops_bundle_binding_relief,data/optimizer-constraint-ledger.csv,reject-tier,not-t1-score-band,STOP-HAMPTON-ROADS,STOP-HAMPTON-ROADS,
I76,T2,54.5,54.5,43,false,3,1,0,3,0,0,0.00,0.00,0.00,none,,reject-tier,not-t1-score-band,STOP-BAL-PHL;STOP-HARRISBURG;STOP-PITTSBURGH,STOP-BAL-PHL,
US70,T2,53.8,53.8,44,false,2,0,0,2,0,0,0.00,0.00,0.00,beck_transfer_complexity_relief,data/optimizer-constraint-ledger.csv,reject-tier,not-t1-score-band,STOP-LITTLE-ROCK;STOP-TULSA,,
US90,T2,53.8,53.8,45,false,2,1,0,2,0,0,0.00,0.00,0.00,beck_long_connector_relief,data/optimizer-constraint-ledger.csv,reject-tier,not-t1-score-band,STOP-GULFPORT;STOP-LAFAYETTE,STOP-GULFPORT,
I22,T2,53.5,53.5,46,false,2,1,0,2,0,0,0.00,0.00,0.00,none,,reject-tier,not-t1-score-band,STOP-MEM;STOP-BIRMINGHAM,STOP-MEM,
I264,T2,53.4,53.4,47,false,0,0,0,0,0,0,0.00,0.00,0.00,game_ops_bundle_binding_relief,data/optimizer-constraint-ledger.csv,reject-tier,not-t1-score-band,,,
I275,T2,52.8,52.8,48,false,1,0,0,1,0,0,0.00,0.00,0.00,game_ops_bundle_binding_relief,data/optimizer-constraint-ledger.csv,reject-tier,not-t1-score-band,STOP-TAMPA,,
I29,T2,52.5,52.5,49,false,3,1,0,3,0,0,0.00,0.00,0.00,none,,reject-tier,not-t1-score-band,STOP-KC;STOP-OMAHA;STOP-FARGO,STOP-KC,
US80,T2,51.4,51.4,50,false,3,0,0,3,0,0,0.00,0.00,0.00,beck_transfer_complexity_relief,data/optimizer-constraint-ledger.csv,reject-tier,not-t1-score-band,STOP-LITTLE-ROCK;STOP-ABILENE;STOP-MONTGOMERY,,
US2,T2,51.7,51.3,51,false,0,0,0,0,0,0,0.40,0.00,0.40,asset_condition_debt;game_ops_bundle_binding_relief,data/optimizer-constraint-ledger.csv,reject-tier,not-t1-score-band,,,
US83,T2,51.0,51.0,52,false,2,0,0,2,0,0,0.00,0.00,0.00,beck_long_connector_relief,data/optimizer-constraint-ledger.csv,reject-tier,not-t1-score-band,STOP-RAPID-CITY;STOP-ABILENE,,
I37,T2,50.6,50.6,53,false,2,1,0,2,0,0,0.00,0.00,0.00,game_ops_bundle_binding_relief,data/optimizer-constraint-ledger.csv,reject-tier,not-t1-score-band,STOP-SAT;STOP-CORPUS,STOP-SAT,
I57,T3,49.6,49.6,54,false,0,0,0,0,0,0,0.00,0.00,0.00,none,,reject-tier,not-t1-score-band,,,
I19,T3,49.3,49.3,55,false,0,0,0,0,0,0,0.00,0.00,0.00,none,,reject-tier,not-t1-score-band,,,
I16,T3,48.7,48.7,56,false,1,0,0,1,0,0,0.00,0.00,0.00,none,,reject-tier,not-t1-score-band,STOP-SAV,,
US30,T2,54.5,48.6,57,false,4,0,0,4,0,0,5.85,0.00,5.85,asset_condition_debt;beck_transfer_complexity_relief,data/optimizer-constraint-ledger.csv,reject-tier,not-t1-score-band,STOP-PORTLAND;STOP-OMAHA;STOP-SOUTH-BEND;STOP-CHEYENNE,,
US69,T3,48.4,48.4,58,false,0,0,0,0,0,0,0.00,0.00,0.00,none,,reject-tier,not-t1-score-band,,,
US6,T2,54.0,48.0,59,false,3,0,0,3,0,0,5.95,0.00,5.95,asset_condition_debt;beck_transfer_complexity_relief,data/optimizer-constraint-ledger.csv,reject-tier,not-t1-score-band,STOP-OMAHA;STOP-SOUTH-BEND;STOP-LASVEGAS,,
I71,T3,47.4,47.4,60,false,3,1,0,3,0,0,0.00,0.00,0.00,none,,reject-tier,not-t1-score-band,STOP-LOUISVILLE;STOP-CINCINNATI;STOP-COLUMBUS,STOP-LOUISVILLE,
I74,T3,47.2,47.2,61,false,2,0,0,2,0,0,0.00,0.00,0.00,none,,reject-tier,not-t1-score-band,STOP-CINCINNATI;STOP-INDY,,
I630,T3,46.7,46.7,62,false,0,0,0,0,0,0,0.00,0.00,0.00,none,,reject-tier,not-t1-score-band,,,
I280,T3,46.1,46.1,63,false,0,0,0,0,0,0,0.00,0.00,0.00,none,,reject-tier,not-t1-score-band,,,
I105,T3,45.7,45.7,64,false,0,0,0,0,0,0,0.00,0.00,0.00,none,,reject-tier,not-t1-score-band,,,
I2,T3,45.7,45.7,65,false,0,0,0,0,0,0,0.00,0.00,0.00,none,,reject-tier,not-t1-score-band,,,
I480,T3,45.6,45.6,66,false,0,0,0,0,0,0,0.00,0.00,0.00,none,,reject-tier,not-t1-score-band,,,
I675,T3,45.5,45.5,67,false,0,0,0,0,0,0,0.00,0.00,0.00,none,,reject-tier,not-t1-score-band,,,
I8,T3,45.3,45.3,68,false,0,0,0,0,0,0,0.00,0.00,0.00,none,,reject-tier,not-t1-score-band,,,
I96,T3,45.2,45.2,69,false,0,0,0,0,0,0,0.00,0.00,0.00,none,,reject-tier,not-t1-score-band,,,
US40,T3,45.1,45.1,70,false,0,0,0,0,0,0,0.00,0.00,0.00,none,,reject-tier,not-t1-score-band,,,
US75,T3,45.1,45.1,71,false,1,0,0,1,0,0,0.00,0.00,0.00,none,,reject-tier,not-t1-score-band,STOP-TULSA,,
I215,T3,45.0,45.0,72,false,0,0,0,0,0,0,0.00,0.00,0.00,none,,reject-tier,not-t1-score-band,,,
I464,T3,45.0,45.0,73,false,0,0,0,0,0,0,0.00,0.00,0.00,none,,reject-tier,not-t1-score-band,,,
US60,T3,44.9,44.9,74,false,0,0,0,0,0,0,0.00,0.00,0.00,none,,reject-tier,not-t1-score-band,,,
I595,T3,44.4,44.4,75,false,0,0,0,0,0,0,0.00,0.00,0.00,none,,reject-tier,not-t1-score-band,,,
I540,T3,44.3,44.3,76,false,0,0,0,0,0,0,0.00,0.00,0.00,none,,reject-tier,not-t1-score-band,,,
US13,T3,44.2,44.2,77,false,0,0,0,0,0,0,0.00,0.00,0.00,none,,reject-tier,not-t1-score-band,,,
US412,T3,43.9,43.9,78,false,0,0,0,0,0,0,0.00,0.00,0.00,none,,reject-tier,not-t1-score-band,,,
US59,T3,43.9,43.9,79,false,0,0,0,0,0,0,0.00,0.00,0.00,none,,reject-tier,not-t1-score-band,,,
US62,T3,43.9,43.9,80,false,1,1,0,1,0,0,0.00,0.00,0.00,none,,reject-tier,not-t1-score-band,STOP-ELP-JRZ,STOP-ELP-JRZ,
US50,T3,43.5,43.5,81,false,0,0,0,0,0,0,0.00,0.00,0.00,none,,reject-tier,not-t1-score-band,,,
I78,T3,43.3,43.3,82,false,1,1,0,1,0,0,0.00,0.00,0.00,none,,reject-tier,not-t1-score-band,STOP-NY-NJ,STOP-NY-NJ,
I4,T3,43.1,43.1,83,false,1,0,0,1,0,0,0.00,0.00,0.00,none,,reject-tier,not-t1-score-band,STOP-TAMPA,,
I375,T3,43.0,43.0,84,false,0,0,0,0,0,0,0.00,0.00,0.00,none,,reject-tier,not-t1-score-band,,,
US52,T3,42.6,42.6,85,false,0,0,0,0,0,0,0.00,0.00,0.00,none,,reject-tier,not-t1-score-band,,,
I79,T3,42.2,42.2,86,false,1,0,0,1,0,0,0.00,0.00,0.00,none,,reject-tier,not-t1-score-band,STOP-PITTSBURGH,,
I430,T3,42.0,42.0,87,false,0,0,0,0,0,0,0.00,0.00,0.00,none,,reject-tier,not-t1-score-band,,,
I470,T3,42.0,42.0,88,false,0,0,0,0,0,0,0.00,0.00,0.00,none,,reject-tier,not-t1-score-band,,,
US61,T3,41.8,41.8,89,false,0,0,0,0,0,0,0.00,0.00,0.00,none,,reject-tier,not-t1-score-band,,,
US160,T3,41.5,41.5,90,false,0,0,0,0,0,0,0.00,0.00,0.00,none,,reject-tier,not-t1-score-band,,,
US36,T3,41.5,41.5,91,false,0,0,0,0,0,0,0.00,0.00,0.00,none,,reject-tier,not-t1-score-band,,,
US58,T3,41.5,41.5,92,false,0,0,0,0,0,0,0.00,0.00,0.00,none,,reject-tier,not-t1-score-band,,,
I820,T3,41.4,41.4,93,false,0,0,0,0,0,0,0.00,0.00,0.00,none,,reject-tier,not-t1-score-band,,,
US1,T3,41.4,41.4,94,false,1,1,0,1,0,0,0.00,0.00,0.00,none,,reject-tier,not-t1-score-band,STOP-MIA,STOP-MIA,
I581,T3,41.1,41.1,95,false,0,0,0,0,0,0,0.00,0.00,0.00,none,,reject-tier,not-t1-score-band,,,
I287,T3,41.0,41.0,96,false,0,0,0,0,0,0,0.00,0.00,0.00,none,,reject-tier,not-t1-score-band,,,
US290,T3,41.0,41.0,97,false,0,0,0,0,0,0,0.00,0.00,0.00,none,,reject-tier,not-t1-score-band,,,
US85,T3,40.8,40.8,98,false,0,0,0,0,0,0,0.00,0.00,0.00,none,,reject-tier,not-t1-score-band,,,
I515,T3,40.6,40.6,99,false,0,0,0,0,0,0,0.00,0.00,0.00,none,,reject-tier,not-t1-score-band,,,
I26,T3,40.2,40.2,100,false,1,0,0,1,0,0,0.00,0.00,0.00,none,,reject-tier,not-t1-score-band,STOP-COLUMBIA-SC,,
US12,T3,40.0,40.0,101,false,0,0,0,0,0,0,0.00,0.00,0.00,none,,reject-tier,not-t1-score-band,,,
I82,T3,39.8,39.8,102,false,0,0,0,0,0,0,0.00,0.00,0.00,none,,reject-tier,not-t1-score-band,,,
I290,T3,39.6,39.6,103,false,0,0,0,0,0,0,0.00,0.00,0.00,none,,reject-tier,not-t1-score-band,,,
I410,T3,39.4,39.4,104,false,0,0,0,0,0,0,0.00,0.00,0.00,none,,reject-tier,not-t1-score-band,,,
I575,T3,39.4,39.4,105,false,0,0,0,0,0,0,0.00,0.00,0.00,none,,reject-tier,not-t1-score-band,,,
I565,T3,39.2,39.2,106,false,0,0,0,0,0,0,0.00,0.00,0.00,none,,reject-tier,not-t1-score-band,,,
US51,T3,39.2,39.2,107,false,0,0,0,0,0,0,0.00,0.00,0.00,none,,reject-tier,not-t1-score-band,,,
I475,T3,39.1,39.1,108,false,0,0,0,0,0,0,0.00,0.00,0.00,none,,reject-tier,not-t1-score-band,,,
I459,T3,38.8,38.8,109,false,0,0,0,0,0,0,0.00,0.00,0.00,none,,reject-tier,not-t1-score-band,,,
I165,T3,38.6,38.6,110,false,0,0,0,0,0,0,0.00,0.00,0.00,none,,reject-tier,not-t1-score-band,,,
I17,T3,38.5,38.5,111,false,1,0,0,1,0,0,0.00,0.00,0.00,none,,reject-tier,not-t1-score-band,STOP-PHX,,
US77,T3,38.4,38.4,112,false,1,0,0,1,0,0,0.00,0.00,0.00,none,,reject-tier,not-t1-score-band,STOP-CORPUS,,
US19,T3,38.3,38.3,113,false,0,0,0,0,0,0,0.00,0.00,0.00,none,,reject-tier,not-t1-score-band,,,
I210,T3,38.0,38.0,114,false,0,0,0,0,0,0,0.00,0.00,0.00,none,,reject-tier,not-t1-score-band,,,
I440,T3,37.9,37.9,115,false,0,0,0,0,0,0,0.00,0.00,0.00,none,,reject-tier,not-t1-score-band,,,
US78,T3,37.9,37.9,116,false,0,0,0,0,0,0,0.00,0.00,0.00,none,,reject-tier,not-t1-score-band,,,
US67,T3,37.7,37.7,117,false,0,0,0,0,0,0,0.00,0.00,0.00,none,,reject-tier,not-t1-score-band,,,
US98,T3,37.6,37.6,118,false,0,0,0,0,0,0,0.00,0.00,0.00,none,,reject-tier,not-t1-score-band,,,
I684,T3,37.4,37.4,119,false,0,0,0,0,0,0,0.00,0.00,0.00,none,,reject-tier,not-t1-score-band,,,
US49,T3,37.3,37.3,120,false,0,0,0,0,0,0,0.00,0.00,0.00,none,,reject-tier,not-t1-score-band,,,
I88,T3,37.0,37.0,121,false,0,0,0,0,0,0,0.00,0.00,0.00,none,,reject-tier,not-t1-score-band,,,
US64,T3,37.0,37.0,122,false,0,0,0,0,0,0,0.00,0.00,0.00,none,,reject-tier,not-t1-score-band,,,
I310,T3,36.9,36.9,123,false,0,0,0,0,0,0,0.00,0.00,0.00,none,,reject-tier,not-t1-score-band,,,
US180,T3,36.8,36.8,124,false,0,0,0,0,0,0,0.00,0.00,0.00,none,,reject-tier,not-t1-score-band,,,
I87,T3,36.7,36.7,125,false,1,1,0,1,0,0,0.00,0.00,0.00,none,,reject-tier,not-t1-score-band,STOP-NY-NJ,STOP-NY-NJ,
US11,T3,36.7,36.7,126,false,0,0,0,0,0,0,0.00,0.00,0.00,none,,reject-tier,not-t1-score-band,,,
US460,T3,36.4,36.4,127,false,0,0,0,0,0,0,0.00,0.00,0.00,none,,reject-tier,not-t1-score-band,,,
US9,T3,35.8,35.8,128,false,0,0,0,0,0,0,0.00,0.00,0.00,none,,reject-tier,not-t1-score-band,,,
US17,T3,35.6,35.6,129,false,0,0,0,0,0,0,0.00,0.00,0.00,none,,reject-tier,not-t1-score-band,,,
I269,T3,35.5,35.5,130,false,0,0,0,0,0,0,0.00,0.00,0.00,none,,reject-tier,not-t1-score-band,,,
I66,T3,35.5,35.5,131,false,1,0,0,1,0,0,0.00,0.00,0.00,none,,reject-tier,not-t1-score-band,STOP-TYSONS-ALEXANDRIA,,
US63,T3,35.4,35.4,132,false,0,0,0,0,0,0,0.00,0.00,0.00,none,,reject-tier,not-t1-score-band,,,
US71,T3,35.2,35.2,133,false,0,0,0,0,0,0,0.00,0.00,0.00,none,,reject-tier,not-t1-score-band,,,
I155,T3,34.7,34.7,134,false,0,0,0,0,0,0,0.00,0.00,0.00,none,,reject-tier,not-t1-score-band,,,
I86,T3,34.5,34.5,135,false,0,0,0,0,0,0,0.00,0.00,0.00,none,,reject-tier,not-t1-score-band,,,
I676,T3,34.4,34.4,136,false,0,0,0,0,0,0,0.00,0.00,0.00,none,,reject-tier,not-t1-score-band,,,
I985,T3,34.4,34.4,137,false,0,0,0,0,0,0,0.00,0.00,0.00,none,,reject-tier,not-t1-score-band,,,
I670,T3,34.3,34.3,138,false,0,0,0,0,0,0,0.00,0.00,0.00,none,,reject-tier,not-t1-score-band,,,
I91,T3,34.3,34.3,139,false,0,0,0,0,0,0,0.00,0.00,0.00,none,,reject-tier,not-t1-score-band,,,
I516,T3,34.2,34.2,140,false,0,0,0,0,0,0,0.00,0.00,0.00,none,,reject-tier,not-t1-score-band,,,
I564,T3,34.2,34.2,141,false,0,0,0,0,0,0,0.00,0.00,0.00,none,,reject-tier,not-t1-score-band,,,
US25,T3,34.0,34.0,142,false,0,0,0,0,0,0,0.00,0.00,0.00,none,,reject-tier,not-t1-score-band,,,
I535,T3,33.7,33.7,143,false,0,0,0,0,0,0,0.00,0.00,0.00,none,,reject-tier,not-t1-score-band,,,
I278,T3,33.6,33.6,144,false,0,0,0,0,0,0,0.00,0.00,0.00,none,,reject-tier,not-t1-score-band,,,
I605,T3,33.5,33.5,145,false,0,0,0,0,0,0,0.00,0.00,0.00,none,,reject-tier,not-t1-score-band,,,
US29,T3,33.4,33.4,146,false,0,0,0,0,0,0,0.00,0.00,0.00,none,,reject-tier,not-t1-score-band,,,
I476,T3,33.3,33.3,147,false,0,0,0,0,0,0,0.00,0.00,0.00,none,,reject-tier,not-t1-score-band,,,
I640,T3,33.3,33.3,148,false,0,0,0,0,0,0,0.00,0.00,0.00,none,,reject-tier,not-t1-score-band,,,
US23,T3,33.3,33.3,149,false,0,0,0,0,0,0,0.00,0.00,0.00,none,,reject-tier,not-t1-score-band,,,
I555,T3,33.1,33.1,150,false,0,0,0,0,0,0,0.00,0.00,0.00,none,,reject-tier,not-t1-score-band,,,
I710,T3,33.0,33.0,151,false,0,0,0,0,0,0,0.00,0.00,0.00,none,,reject-tier,not-t1-score-band,,,
US202,T3,33.0,33.0,152,false,0,0,0,0,0,0,0.00,0.00,0.00,none,,reject-tier,not-t1-score-band,,,
I435,T3,32.8,32.8,153,false,0,0,0,0,0,0,0.00,0.00,0.00,none,,reject-tier,not-t1-score-band,,,
US65,T3,32.6,32.6,154,false,0,0,0,0,0,0,0.00,0.00,0.00,none,,reject-tier,not-t1-score-band,,,
US81,T3,32.6,32.6,155,false,0,0,0,0,0,0,0.00,0.00,0.00,none,,reject-tier,not-t1-score-band,,,
I380,T3,32.5,32.5,156,false,0,0,0,0,0,0,0.00,0.00,0.00,none,,reject-tier,not-t1-score-band,,,
US322,T3,32.5,32.5,157,false,0,0,0,0,0,0,0.00,0.00,0.00,none,,reject-tier,not-t1-score-band,,,
US27,T3,32.4,32.4,158,false,0,0,0,0,0,0,0.00,0.00,0.00,none,,reject-tier,not-t1-score-band,,,
I14,T3,32.3,32.3,159,false,0,0,0,0,0,0,0.00,0.00,0.00,none,,reject-tier,not-t1-score-band,,,
I12,T3,32.1,32.1,160,false,1,0,0,1,0,0,0.00,0.00,0.00,none,,reject-tier,not-t1-score-band,STOP-NOLA-BR,,
I695,T3,32.0,32.0,161,false,1,1,0,1,0,0,0.00,0.00,0.00,none,,reject-tier,not-t1-score-band,STOP-BALTIMORE,STOP-BALTIMORE,
I490,T3,31.9,31.9,162,false,0,0,0,0,0,0,0.00,0.00,0.00,none,,reject-tier,not-t1-score-band,,,
US220,T3,31.8,31.8,163,false,1,0,0,1,0,0,0.00,0.00,0.00,none,,reject-tier,not-t1-score-band,STOP-ROANOKE,,
I68,T3,31.6,31.6,164,false,0,0,0,0,0,0,0.00,0.00,0.00,none,,reject-tier,not-t1-score-band,,,
I99,T3,31.6,31.6,165,false,0,0,0,0,0,0,0.00,0.00,0.00,none,,reject-tier,not-t1-score-band,,,
US101,T3,31.6,31.6,166,false,0,0,0,0,0,0,0.00,0.00,0.00,none,,reject-tier,not-t1-score-band,,,
I194,T3,31.2,31.2,167,false,0,0,0,0,0,0,0.00,0.00,0.00,none,,reject-tier,not-t1-score-band,,,
I244,T3,31.2,31.2,168,false,0,0,0,0,0,0,0.00,0.00,0.00,none,,reject-tier,not-t1-score-band,,,
I580,T3,31.2,31.2,169,false,0,0,0,0,0,0,0.00,0.00,0.00,none,,reject-tier,not-t1-score-band,,,
I376,T3,31.1,31.1,170,false,0,0,0,0,0,0,0.00,0.00,0.00,none,,reject-tier,not-t1-score-band,,,
I895,T3,31.0,31.0,171,false,0,0,0,0,0,0,0.00,0.00,0.00,none,,reject-tier,not-t1-score-band,,,
I678,T3,30.9,30.9,172,false,0,0,0,0,0,0,0.00,0.00,0.00,none,,reject-tier,not-t1-score-band,,,
I83,T3,30.9,30.9,173,false,2,1,0,2,0,0,0.00,0.00,0.00,none,,reject-tier,not-t1-score-band,STOP-BAL-PHL;STOP-HARRISBURG,STOP-BAL-PHL,
I27,T3,30.8,30.8,174,false,0,0,0,0,0,0,0.00,0.00,0.00,none,,reject-tier,not-t1-score-band,,,
I530,T3,30.7,30.7,175,false,0,0,0,0,0,0,0.00,0.00,0.00,none,,reject-tier,not-t1-score-band,,,
I359,T3,30.6,30.6,176,false,0,0,0,0,0,0,0.00,0.00,0.00,none,,reject-tier,not-t1-score-band,,,
I520,T3,30.5,30.5,177,false,0,0,0,0,0,0,0.00,0.00,0.00,none,,reject-tier,not-t1-score-band,,,
I39,T3,30.3,30.3,178,false,0,0,0,0,0,0,0.00,0.00,0.00,none,,reject-tier,not-t1-score-band,,,
US20,T3,30.3,30.3,179,false,0,0,0,0,0,0,0.00,0.00,0.00,none,,reject-tier,not-t1-score-band,,,
US54,T3,30.3,30.3,180,false,1,1,0,1,0,0,0.00,0.00,0.00,none,,reject-tier,not-t1-score-band,STOP-ELP-JRZ,STOP-ELP-JRZ,
US74,T4,29.8,29.8,181,false,0,0,0,0,0,0,0.00,0.00,0.00,lower_tier_feeder_gap_relief,data/optimizer-constraint-ledger.csv,reject-tier,not-t1-score-band,,,
I180,T4,29.7,29.7,182,false,0,0,0,0,0,0,0.00,0.00,0.00,lower_tier_feeder_gap_relief,data/optimizer-constraint-ledger.csv,reject-tier,not-t1-score-band,,,
US22,T4,29.7,29.7,183,false,0,0,0,0,0,0,0.00,0.00,0.00,lower_tier_feeder_gap_relief,data/optimizer-constraint-ledger.csv,reject-tier,not-t1-score-band,,,
US10,T4,29.4,29.4,184,false,0,0,0,0,0,0,0.00,0.00,0.00,none,,reject-tier,not-t1-score-band,,,
I72,T4,29.3,29.3,185,false,0,0,0,0,0,0,0.00,0.00,0.00,none,,reject-tier,not-t1-score-band,,,
US301,T4,29.3,29.3,186,false,0,0,0,0,0,0,0.00,0.00,0.00,none,,reject-tier,not-t1-score-band,,,
US90Z,T4,29.9,28.9,187,false,0,0,0,0,0,1,0.00,0.00,1.00,lower_tier_feeder_gap_relief;terminal_access_evidence_gap,data/optimizer-constraint-ledger.csv,reject-tier,not-t1-score-band,,,
I135,T4,29.8,28.8,188,false,0,0,0,0,0,1,0.00,0.00,1.00,lower_tier_feeder_gap_relief;terminal_access_evidence_gap,data/optimizer-constraint-ledger.csv,reject-tier,not-t1-score-band,,,
US421,T4,28.8,28.8,189,false,0,0,0,0,0,0,0.00,0.00,0.00,none,,reject-tier,not-t1-score-band,,,
I140,T4,28.7,28.7,190,false,0,0,0,0,0,0,0.00,0.00,0.00,none,,reject-tier,not-t1-score-band,,,
I471,T4,28.7,28.7,191,false,0,0,0,0,0,0,0.00,0.00,0.00,none,,reject-tier,not-t1-score-band,,,
I880,T4,29.6,28.6,192,false,0,0,0,0,0,1,0.00,0.00,1.00,terminal_access_evidence_gap,data/optimizer-constraint-ledger.csv,reject-tier,not-t1-score-band,,,
I705,T4,28.4,28.4,193,false,0,0,0,0,0,0,0.00,0.00,0.00,none,,reject-tier,not-t1-score-band,,,
US250,T4,28.3,28.3,194,false,0,0,0,0,0,0,0.00,0.00,0.00,none,,reject-tier,not-t1-score-band,,,
US15,T4,29.2,28.2,195,false,0,0,0,0,0,1,0.00,0.00,1.00,terminal_access_evidence_gap,data/optimizer-constraint-ledger.csv,reject-tier,not-t1-score-band,,,
I235,T4,28.2,28.2,196,false,0,0,0,0,0,0,0.00,0.00,0.00,none,,reject-tier,not-t1-score-band,,,
I510,T4,29.1,28.1,197,false,0,0,0,0,0,1,0.00,0.00,1.00,terminal_access_evidence_gap,data/optimizer-constraint-ledger.csv,reject-tier,not-t1-score-band,,,
I93,T4,29.1,28.1,198,false,0,0,0,0,0,1,0.00,0.00,1.00,terminal_access_evidence_gap,data/optimizer-constraint-ledger.csv,reject-tier,not-t1-score-band,,,
US95,T4,29.0,28.0,199,false,2,0,0,2,0,1,0.00,0.00,1.00,terminal_access_evidence_gap,data/optimizer-constraint-ledger.csv,reject-tier,not-t1-score-band,STOP-LASVEGAS;STOP-BOISE,,
I129,T4,28.0,28.0,200,false,0,0,0,0,0,0,0.00,0.00,0.00,none,,reject-tier,not-t1-score-band,,,
I691,T4,28.9,27.9,201,false,0,0,0,0,0,1,0.00,0.00,1.00,terminal_access_evidence_gap,data/optimizer-constraint-ledger.csv,reject-tier,not-t1-score-band,,,
US167,T4,28.9,27.9,202,false,0,0,0,0,0,1,0.00,0.00,1.00,terminal_access_evidence_gap,data/optimizer-constraint-ledger.csv,reject-tier,not-t1-score-band,,,
I176,T4,27.9,27.9,203,false,0,0,0,0,0,0,0.00,0.00,0.00,none,,reject-tier,not-t1-score-band,,,
US31,T4,27.6,27.6,204,false,0,0,0,0,0,0,0.00,0.00,0.00,none,,reject-tier,not-t1-score-band,,,
I175,T4,28.5,27.5,205,false,0,0,0,0,0,1,0.00,0.00,1.00,terminal_access_evidence_gap,data/optimizer-constraint-ledger.csv,reject-tier,not-t1-score-band,,,
I840,T4,28.5,27.5,206,false,0,0,0,0,0,1,0.00,0.00,1.00,terminal_access_evidence_gap,data/optimizer-constraint-ledger.csv,reject-tier,not-t1-score-band,,,
US24,T4,28.5,27.5,207,false,0,0,0,0,0,1,0.00,0.00,1.00,terminal_access_evidence_gap,data/optimizer-constraint-ledger.csv,reject-tier,not-t1-score-band,,,
I795,T4,27.5,27.5,208,false,0,0,0,0,0,0,0.00,0.00,0.00,none,,reject-tier,not-t1-score-band,,,
I478,T4,28.4,27.4,209,false,0,0,0,0,0,1,0.00,0.00,1.00,terminal_access_evidence_gap,data/optimizer-constraint-ledger.csv,reject-tier,not-t1-score-band,,,
US84,T4,28.4,27.4,210,false,0,0,0,0,0,1,0.00,0.00,1.00,terminal_access_evidence_gap,data/optimizer-constraint-ledger.csv,reject-tier,not-t1-score-band,,,
US96,T4,28.4,27.4,211,false,0,0,0,0,0,1,0.00,0.00,1.00,terminal_access_evidence_gap,data/optimizer-constraint-ledger.csv,reject-tier,not-t1-score-band,,,
I276,T4,28.3,27.3,212,false,0,0,0,0,0,1,0.00,0.00,1.00,terminal_access_evidence_gap,data/optimizer-constraint-ledger.csv,reject-tier,not-t1-score-band,,,
I696,T4,27.3,27.3,213,false,0,0,0,0,0,0,0.00,0.00,0.00,none,,reject-tier,not-t1-score-band,,,
US26,T4,28.2,27.2,214,false,0,0,0,0,0,1,0.00,0.00,1.00,terminal_access_evidence_gap,data/optimizer-constraint-ledger.csv,reject-tier,not-t1-score-band,,,
US270,T4,28.2,27.2,215,false,0,0,0,0,0,1,0.00,0.00,1.00,terminal_access_evidence_gap,data/optimizer-constraint-ledger.csv,reject-tier,not-t1-score-band,,,
US87,T4,28.0,27.0,216,false,1,0,0,1,0,1,0.00,0.00,1.00,terminal_access_evidence_gap,data/optimizer-constraint-ledger.csv,reject-tier,not-t1-score-band,STOP-AMARILLO,,
I190,T4,27.9,26.9,217,false,0,0,0,0,0,1,0.00,0.00,1.00,terminal_access_evidence_gap,data/optimizer-constraint-ledger.csv,reject-tier,not-t1-score-band,,,
I335,T4,27.9,26.9,218,false,0,0,0,0,0,1,0.00,0.00,1.00,terminal_access_evidence_gap,data/optimizer-constraint-ledger.csv,reject-tier,not-t1-score-band,,,
I465,T4,26.9,26.9,219,false,0,0,0,0,0,0,0.00,0.00,0.00,none,,reject-tier,not-t1-score-band,,,
US76,T4,27.8,26.8,220,false,0,0,0,0,0,1,0.00,0.00,1.00,terminal_access_evidence_gap,data/optimizer-constraint-ledger.csv,reject-tier,not-t1-score-band,,,
I115,T4,26.8,26.8,221,false,0,0,0,0,0,0,0.00,0.00,0.00,none,,reject-tier,not-t1-score-band,,,
I196,T4,26.6,26.6,222,false,0,0,0,0,0,0,0.00,0.00,0.00,none,,reject-tier,not-t1-score-band,,,
I69E,T4,26.6,26.6,223,false,0,0,0,0,0,0,0.00,0.00,0.00,none,,reject-tier,not-t1-score-band,,,
US41,T4,26.5,26.5,224,false,0,0,0,0,0,0,0.00,0.00,0.00,none,,reject-tier,not-t1-score-band,,,
US14,T4,27.4,26.4,225,false,0,0,0,0,0,1,0.00,0.00,1.00,terminal_access_evidence_gap,data/optimizer-constraint-ledger.csv,reject-tier,not-t1-score-band,,,
I294,T4,26.4,26.4,226,false,0,0,0,0,0,0,0.00,0.00,0.00,none,,reject-tier,not-t1-score-band,,,
US224,T4,26.4,26.4,227,false,0,0,0,0,0,0,0.00,0.00,0.00,none,,reject-tier,not-t1-score-band,,,
US119,T4,26.3,26.3,228,false,0,0,0,0,0,0,0.00,0.00,0.00,none,,reject-tier,not-t1-score-band,,,
US66,T4,27.0,26.0,229,false,0,0,0,0,0,1,0.00,0.00,1.00,terminal_access_evidence_gap,data/optimizer-constraint-ledger.csv,reject-tier,not-t1-score-band,,,
I271,T4,26.0,26.0,230,false,0,0,0,0,0,0,0.00,0.00,0.00,none,,reject-tier,not-t1-score-band,,,
US82,T4,26.8,25.8,231,false,0,0,0,0,0,1,0.00,0.00,1.00,terminal_access_evidence_gap,data/optimizer-constraint-ledger.csv,reject-tier,not-t1-score-band,,,
I277,T4,25.8,25.8,232,false,0,0,0,0,0,0,0.00,0.00,0.00,none,,reject-tier,not-t1-score-band,,,
US281,T4,25.8,25.8,233,false,0,0,0,0,0,0,0.00,0.00,0.00,lower_tier_feeder_gap_relief,data/optimizer-constraint-ledger.csv,reject-tier,not-t1-score-band,,,
US35,T4,25.8,25.8,234,false,1,0,0,1,0,0,0.00,0.00,0.00,none,,reject-tier,not-t1-score-band,STOP-CHARLESTON-WV,,
US42,T4,25.8,25.8,235,false,0,0,0,0,0,0,0.00,0.00,0.00,none,,reject-tier,not-t1-score-band,,,
US45W,T4,26.6,25.6,236,false,0,0,0,0,0,1,0.00,0.00,1.00,terminal_access_evidence_gap,data/optimizer-constraint-ledger.csv,reject-tier,not-t1-score-band,,,
I110,T2,65.6,25.6,237,false,1,1,0,1,0,0,40.00,0.00,40.00,asset_condition_debt;game_ops_bundle_binding_relief,data/optimizer-constraint-ledger.csv,reject-tier,not-t1-score-band,STOP-LA-LB,STOP-LA-LB,
I990,T4,26.5,25.5,238,false,0,0,0,0,0,1,0.00,0.00,1.00,terminal_access_evidence_gap,data/optimizer-constraint-ledger.csv,reject-tier,not-t1-score-band,,,
I279,T4,25.4,25.4,239,false,0,0,0,0,0,0,0.00,0.00,0.00,none,,reject-tier,not-t1-score-band,,,
US278,T4,26.2,25.2,240,false,0,0,0,0,0,1,0.00,0.00,1.00,terminal_access_evidence_gap,data/optimizer-constraint-ledger.csv,reject-tier,not-t1-score-band,,,
I496,T4,25.1,25.1,241,false,0,0,0,0,0,0,0.00,0.00,0.00,none,,reject-tier,not-t1-score-band,,,
I255,T4,26.0,25.0,242,false,0,0,0,0,0,1,0.00,0.00,1.00,terminal_access_evidence_gap,data/optimizer-constraint-ledger.csv,reject-tier,not-t1-score-band,,,
I181,T4,25.0,25.0,243,false,0,0,0,0,0,0,0.00,0.00,0.00,none,,reject-tier,not-t1-score-band,,,
US223,T4,25.0,25.0,244,false,0,0,0,0,0,0,0.00,0.00,0.00,none,,reject-tier,not-t1-score-band,,,
I185,T4,25.9,24.9,245,false,0,0,0,0,0,1,0.00,0.00,1.00,terminal_access_evidence_gap,data/optimizer-constraint-ledger.csv,reject-tier,not-t1-score-band,,,
I526,T4,24.9,24.9,246,false,0,0,0,0,0,0,0.00,0.00,0.00,none,,reject-tier,not-t1-score-band,,,
I895B,T4,24.9,24.9,247,false,0,0,0,0,0,0,0.00,0.00,0.00,none,,reject-tier,not-t1-score-band,,,
I390,T4,25.8,24.8,248,false,0,0,0,0,0,1,0.00,0.00,1.00,terminal_access_evidence_gap,data/optimizer-constraint-ledger.csv,reject-tier,not-t1-score-band,,,
I759,T4,25.8,24.8,249,false,0,0,0,0,0,1,0.00,0.00,1.00,terminal_access_evidence_gap,data/optimizer-constraint-ledger.csv,reject-tier,not-t1-score-band,,,
US385,T4,24.8,24.8,250,false,0,0,0,0,0,0,0.00,0.00,0.00,none,,reject-tier,not-t1-score-band,,,
US7,T4,25.7,24.7,251,false,0,0,0,0,0,1,0.00,0.00,1.00,terminal_access_evidence_gap,data/optimizer-constraint-ledger.csv,reject-tier,not-t1-score-band,,,
US190,T4,24.7,24.7,252,false,0,0,0,0,0,0,0.00,0.00,0.00,none,,reject-tier,not-t1-score-band,,,
US33,T4,24.7,24.7,253,false,0,0,0,0,0,0,0.00,0.00,0.00,none,,reject-tier,not-t1-score-band,,,
US45E,T4,25.5,24.5,254,false,0,0,0,0,0,1,0.00,0.00,1.00,terminal_access_evidence_gap,data/optimizer-constraint-ledger.csv,reject-tier,not-t1-score-band,,,
I169,T4,25.2,24.2,255,false,0,0,0,0,0,1,0.00,0.00,1.00,terminal_access_evidence_gap,data/optimizer-constraint-ledger.csv,reject-tier,not-t1-score-band,,,
I69C,T4,24.2,24.2,256,false,0,0,0,0,0,0,0.00,0.00,0.00,none,,reject-tier,not-t1-score-band,,,
US79,T4,24.2,24.2,257,false,0,0,0,0,0,0,0.00,0.00,0.00,none,,reject-tier,not-t1-score-band,,,
I474,T4,24.1,24.1,258,false,0,0,0,0,0,0,0.00,0.00,0.00,none,,reject-tier,not-t1-score-band,,,
I579,T4,24.1,24.1,259,false,0,0,0,0,0,0,0.00,0.00,0.00,none,,reject-tier,not-t1-score-band,,,
US16,T4,24.1,24.1,260,false,0,0,0,0,0,0,0.00,0.00,0.00,none,,reject-tier,not-t1-score-band,,,
I805,T4,23.7,23.7,261,false,0,0,0,0,0,0,0.00,0.00,0.00,none,,reject-tier,not-t1-score-band,,,
US150,T4,23.7,23.7,262,false,0,0,0,0,0,0,0.00,0.00,0.00,none,,reject-tier,not-t1-score-band,,,
I89,T4,23.5,23.5,263,false,0,0,0,0,0,0,0.00,0.00,0.00,none,,reject-tier,not-t1-score-band,,,
I182,T4,23.3,23.3,264,false,0,0,0,0,0,0,0.00,0.00,0.00,none,,reject-tier,not-t1-score-band,,,
I384,T4,23.3,23.3,265,false,0,0,0,0,0,0,0.00,0.00,0.00,none,,reject-tier,not-t1-score-band,,,
US191,T4,23.2,23.2,266,false,0,0,0,0,0,0,0.00,0.00,0.00,none,,reject-tier,not-t1-score-band,,,
US422,T4,23.2,23.2,267,false,0,0,0,0,0,0,0.00,0.00,0.00,none,,reject-tier,not-t1-score-band,,,
I291,T4,23.1,23.1,268,false,0,0,0,0,0,0,0.00,0.00,0.00,none,,reject-tier,not-t1-score-band,,,
I469,T4,23.1,23.1,269,false,0,0,0,0,0,0,0.00,0.00,0.00,none,,reject-tier,not-t1-score-band,,,
US395,T4,23.1,23.1,270,false,0,0,0,0,0,0,0.00,0.00,0.00,none,,reject-tier,not-t1-score-band,,,
I265,T4,22.9,22.9,271,false,0,0,0,0,0,0,0.00,0.00,0.00,none,,reject-tier,not-t1-score-band,,,
US285,T4,22.9,22.9,272,false,0,0,0,0,0,0,0.00,0.00,0.00,none,,reject-tier,not-t1-score-band,,,
I41,T4,22.8,22.8,273,false,0,0,0,0,0,0,0.00,0.00,0.00,none,,reject-tier,not-t1-score-band,,,
US130,T4,22.6,22.6,274,false,0,0,0,0,0,0,0.00,0.00,0.00,none,,reject-tier,not-t1-score-band,,,
I97,T4,22.4,22.4,275,false,0,0,0,0,0,0,0.00,0.00,0.00,none,,reject-tier,not-t1-score-band,,,
I370,T4,22.1,22.1,276,false,0,0,0,0,0,0,0.00,0.00,0.00,none,,reject-tier,not-t1-score-band,,,
I890,T4,22.1,22.1,277,false,0,0,0,0,0,0,0.00,0.00,0.00,none,,reject-tier,not-t1-score-band,,,
I315,T4,22.0,22.0,278,false,0,0,0,0,0,0,0.00,0.00,0.00,none,,reject-tier,not-t1-score-band,,,
US181,T4,22.0,22.0,279,false,0,0,0,0,0,0,0.00,0.00,0.00,none,,reject-tier,not-t1-score-band,,,
US277,T4,22.0,22.0,280,false,0,0,0,0,0,0,0.00,0.00,0.00,none,,reject-tier,not-t1-score-band,,,
I505,T4,21.9,21.9,281,false,0,0,0,0,0,0,0.00,0.00,0.00,none,,reject-tier,not-t1-score-band,,,
I355,T4,21.8,21.8,282,false,0,0,0,0,0,0,0.00,0.00,0.00,none,,reject-tier,not-t1-score-band,,,
I43,T4,21.8,21.8,283,false,1,0,0,1,0,0,0.00,0.00,0.00,none,,reject-tier,not-t1-score-band,STOP-MILWAUKEE,,
I381,T4,21.5,21.5,284,false,0,0,0,0,0,0,0.00,0.00,0.00,none,,reject-tier,not-t1-score-band,,,
I895A,T4,21.5,21.5,285,false,0,0,0,0,0,0,0.00,0.00,0.00,none,,reject-tier,not-t1-score-band,,,
US219,T4,21.5,21.5,286,false,0,0,0,0,0,0,0.00,0.00,0.00,none,,reject-tier,not-t1-score-band,,,
US169,T4,21.4,21.4,287,false,0,0,0,0,0,0,0.00,0.00,0.00,none,,reject-tier,not-t1-score-band,,,
US271,T4,21.4,21.4,288,false,0,0,0,0,0,0,0.00,0.00,0.00,none,,reject-tier,not-t1-score-band,,,
US18,T4,21.3,21.3,289,false,0,0,0,0,0,0,0.00,0.00,0.00,none,,reject-tier,not-t1-score-band,,,
I590,T4,21.1,21.1,290,false,0,0,0,0,0,0,0.00,0.00,0.00,none,,reject-tier,not-t1-score-band,,,
I694,T4,21.1,21.1,291,false,0,0,0,0,0,0,0.00,0.00,0.00,none,,reject-tier,not-t1-score-band,,,
US131,T4,21.1,21.1,292,false,0,0,0,0,0,0,0.00,0.00,0.00,none,,reject-tier,not-t1-score-band,,,
US206,T4,21.1,21.1,293,false,0,0,0,0,0,0,0.00,0.00,0.00,none,,reject-tier,not-t1-score-band,,,
I885,T4,21.0,21.0,294,false,0,0,0,0,0,0,0.00,0.00,0.00,none,,reject-tier,not-t1-score-band,,,
I481,T4,20.9,20.9,295,false,0,0,0,0,0,0,0.00,0.00,0.00,none,,reject-tier,not-t1-score-band,,,
I385,T4,20.7,20.7,296,false,0,0,0,0,0,0,0.00,0.00,0.00,none,,reject-tier,not-t1-score-band,,,
I494,T4,20.7,20.7,297,false,0,0,0,0,0,0,0.00,0.00,0.00,none,,reject-tier,not-t1-score-band,,,
US217,T4,20.7,20.7,298,false,0,0,0,0,0,0,0.00,0.00,0.00,none,,reject-tier,not-t1-score-band,,,
US601,T4,20.7,20.7,299,false,0,0,0,0,0,0,0.00,0.00,0.00,none,,reject-tier,not-t1-score-band,,,
I283,T4,20.6,20.6,300,false,0,0,0,0,0,0,0.00,0.00,0.00,none,,reject-tier,not-t1-score-band,,,
I781,T4,20.5,20.5,301,false,0,0,0,0,0,0,0.00,0.00,0.00,none,,reject-tier,not-t1-score-band,,,
I184,T4,20.3,20.3,302,false,0,0,0,0,0,0,0.00,0.00,0.00,none,,reject-tier,not-t1-score-band,,,
I480N,T4,20.3,20.3,303,false,0,0,0,0,0,0,0.00,0.00,0.00,none,,reject-tier,not-t1-score-band,,,
US21,T4,20.3,20.3,304,false,0,0,0,0,0,0,0.00,0.00,0.00,none,,reject-tier,not-t1-score-band,,,
US212,T4,20.2,20.2,305,false,0,0,0,0,0,0,0.00,0.00,0.00,none,,reject-tier,not-t1-score-band,,,
I172,T4,20.1,20.1,306,false,0,0,0,0,0,0,0.00,0.00,0.00,none,,reject-tier,not-t1-score-band,,,
I865,T4,20.1,20.1,307,false,0,0,0,0,0,0,0.00,0.00,0.00,none,,reject-tier,not-t1-score-band,,,
I73,T4,20.0,20.0,308,false,0,0,0,0,0,0,0.00,0.00,0.00,none,,reject-tier,not-t1-score-band,,,
I690,T4,19.6,19.6,309,false,0,0,0,0,0,0,0.00,0.00,0.00,none,,reject-tier,not-t1-score-band,,,
US34,T4,19.6,19.6,310,false,0,0,0,0,0,0,0.00,0.00,0.00,none,,reject-tier,not-t1-score-band,,,
US222,T4,19.4,19.4,311,false,0,0,0,0,0,0,0.00,0.00,0.00,none,,reject-tier,not-t1-score-band,,,
US231,T4,19.4,19.4,312,false,0,0,0,0,0,0,0.00,0.00,0.00,none,,reject-tier,not-t1-score-band,,,
US264,T4,19.0,19.0,313,false,0,0,0,0,0,0,0.00,0.00,0.00,none,,reject-tier,not-t1-score-band,,,
US311,T4,19.0,19.0,314,false,0,0,0,0,0,0,0.00,0.00,0.00,none,,reject-tier,not-t1-score-band,,,
I126,T4,18.9,18.9,315,false,0,0,0,0,0,0,0.00,0.00,0.00,none,,reject-tier,not-t1-score-band,,,
US93,T4,18.7,18.7,316,false,0,0,0,0,0,0,0.00,0.00,0.00,none,,reject-tier,not-t1-score-band,,,
I391,T4,18.6,18.6,317,false,0,0,0,0,0,0,0.00,0.00,0.00,none,,reject-tier,not-t1-score-band,,,
US53,T4,18.6,18.6,318,false,0,0,0,0,0,0,0.00,0.00,0.00,none,,reject-tier,not-t1-score-band,,,
I790,T4,18.5,18.5,319,false,0,0,0,0,0,0,0.00,0.00,0.00,none,,reject-tier,not-t1-score-band,,,
US19W,T4,18.5,18.5,320,false,0,0,0,0,0,0,0.00,0.00,0.00,none,,reject-tier,not-t1-score-band,,,
US378,T4,18.3,18.3,321,false,0,0,0,0,0,0,0.00,0.00,0.00,none,,reject-tier,not-t1-score-band,,,
I220,T2,53.2,18.2,322,false,0,0,0,0,0,0,35.00,0.00,35.00,asset_condition_debt;game_ops_bundle_binding_relief,data/optimizer-constraint-ledger.csv,reject-tier,not-t1-score-band,,,
US25W,T4,18.1,18.1,323,false,0,0,0,0,0,0,0.00,0.00,0.00,none,,reject-tier,not-t1-score-band,,,
US377,T4,18.1,18.1,324,false,0,0,0,0,0,0,0.00,0.00,0.00,none,,reject-tier,not-t1-score-band,,,
US259,T4,17.9,17.9,325,false,0,0,0,0,0,0,0.00,0.00,0.00,none,,reject-tier,not-t1-score-band,,,
I293,T4,17.8,17.8,326,false,0,0,0,0,0,0,0.00,0.00,0.00,none,,reject-tier,not-t1-score-band,,,
US209,T4,17.7,17.7,327,false,0,0,0,0,0,0,0.00,0.00,0.00,none,,reject-tier,not-t1-score-band,,,
US91,T4,17.7,17.7,328,false,0,0,0,0,0,0,0.00,0.00,0.00,none,,reject-tier,not-t1-score-band,,,
I585,T4,17.6,17.6,329,false,0,0,0,0,0,0,0.00,0.00,0.00,none,,reject-tier,not-t1-score-band,,,
US89,T4,17.6,17.6,330,false,0,0,0,0,0,0,0.00,0.00,0.00,none,,reject-tier,not-t1-score-band,,,
I780,T4,17.5,17.5,331,false,0,0,0,0,0,0,0.00,0.00,0.00,none,,reject-tier,not-t1-score-band,,,
US258,T4,17.5,17.5,332,false,0,0,0,0,0,0,0.00,0.00,0.00,none,,reject-tier,not-t1-score-band,,,
US321,T4,17.4,17.4,333,false,0,0,0,0,0,0,0.00,0.00,0.00,none,,reject-tier,not-t1-score-band,,,
US97,T4,17.4,17.4,334,false,0,0,0,0,0,0,0.00,0.00,0.00,none,,reject-tier,not-t1-score-band,,,
I587,T4,17.2,17.2,335,false,0,0,0,0,0,0,0.00,0.00,0.00,none,,reject-tier,not-t1-score-band,,,
US127,T4,17.1,17.1,336,false,0,0,0,0,0,0,0.00,0.00,0.00,none,,reject-tier,not-t1-score-band,,,
US68,T4,17.1,17.1,337,false,0,0,0,0,0,0,0.00,0.00,0.00,none,,reject-tier,not-t1-score-band,,,
I229,T4,16.9,16.9,338,false,0,0,0,0,0,0,0.00,0.00,0.00,none,,reject-tier,not-t1-score-band,,,
US4,T4,16.9,16.9,339,false,0,0,0,0,0,0,0.00,0.00,0.00,none,,reject-tier,not-t1-score-band,,,
US44,T4,16.6,16.6,340,false,0,0,0,0,0,0,0.00,0.00,0.00,none,,reject-tier,not-t1-score-band,,,
US45,T4,16.6,16.6,341,false,0,0,0,0,0,0,0.00,0.00,0.00,none,,reject-tier,not-t1-score-band,,,
US72,T4,16.6,16.6,342,false,0,0,0,0,0,0,0.00,0.00,0.00,none,,reject-tier,not-t1-score-band,,,
US158,T4,16.4,16.4,343,false,0,0,0,0,0,0,0.00,0.00,0.00,none,,reject-tier,not-t1-score-band,,,
US501,T4,16.4,16.4,344,false,0,0,0,0,0,0,0.00,0.00,0.00,none,,reject-tier,not-t1-score-band,,,
I170,T4,16.1,16.1,345,false,0,0,0,0,0,0,0.00,0.00,0.00,none,,reject-tier,not-t1-score-band,,,
I787,T4,16.1,16.1,346,false,0,0,0,0,0,0,0.00,0.00,0.00,none,,reject-tier,not-t1-score-band,,,
US5,T4,16.1,16.1,347,false,0,0,0,0,0,0,0.00,0.00,0.00,none,,reject-tier,not-t1-score-band,,,
I238,T4,15.9,15.9,348,false,0,0,0,0,0,0,0.00,0.00,0.00,none,,reject-tier,not-t1-score-band,,,
I35E,T4,15.7,15.7,349,false,0,0,0,0,0,0,0.00,0.00,0.00,none,,reject-tier,not-t1-score-band,,,
I785,T4,15.7,15.7,350,false,0,0,0,0,0,0,0.00,0.00,0.00,none,,reject-tier,not-t1-score-band,,,
US218,T4,15.7,15.7,351,false,0,0,0,0,0,0,0.00,0.00,0.00,none,,reject-tier,not-t1-score-band,,,
US522,T4,15.7,15.7,352,false,0,0,0,0,0,0,0.00,0.00,0.00,none,,reject-tier,not-t1-score-band,,,
US141,T4,15.2,15.2,353,false,0,0,0,0,0,0,0.00,0.00,0.00,none,,reject-tier,not-t1-score-band,,,
US431,T4,15.2,15.2,354,false,0,0,0,0,0,0,0.00,0.00,0.00,none,,reject-tier,not-t1-score-band,,,
I394,T4,15.0,15.0,355,false,0,0,0,0,0,0,0.00,0.00,0.00,none,,reject-tier,not-t1-score-band,,,
I11,T4,14.9,14.9,356,false,0,0,0,0,0,0,0.00,0.00,0.00,none,,reject-tier,not-t1-score-band,,,
I189,T4,14.7,14.7,357,false,0,0,0,0,0,0,0.00,0.00,0.00,none,,reject-tier,not-t1-score-band,,,
US183,T4,14.7,14.7,358,false,0,0,0,0,0,0,0.00,0.00,0.00,none,,reject-tier,not-t1-score-band,,,
US340,T4,14.7,14.7,359,false,0,0,0,0,0,0,0.00,0.00,0.00,none,,reject-tier,not-t1-score-band,,,
I980,T4,14.6,14.6,360,false,0,0,0,0,0,0,0.00,0.00,0.00,none,,reject-tier,not-t1-score-band,,,
US283,T4,14.6,14.6,361,false,0,0,0,0,0,0,0.00,0.00,0.00,none,,reject-tier,not-t1-score-band,,,
I485,T4,14.5,14.5,362,false,0,0,0,0,0,0,0.00,0.00,0.00,none,,reject-tier,not-t1-score-band,,,
I393,T4,13.9,13.9,363,false,0,0,0,0,0,0,0.00,0.00,0.00,none,,reject-tier,not-t1-score-band,,,
US123,T4,13.7,13.7,364,false,0,0,0,0,0,0,0.00,0.00,0.00,none,,reject-tier,not-t1-score-band,,,
US175,T4,13.7,13.7,365,false,0,0,0,0,0,0,0.00,0.00,0.00,none,,reject-tier,not-t1-score-band,,,
US280,T4,13.5,13.5,366,false,0,0,0,0,0,0,0.00,0.00,0.00,none,,reject-tier,not-t1-score-band,,,
US151,T4,13.4,13.4,367,false,0,0,0,0,0,0,0.00,0.00,0.00,none,,reject-tier,not-t1-score-band,,,
US37,T4,13.1,13.1,368,false,0,0,0,0,0,0,0.00,0.00,0.00,none,,reject-tier,not-t1-score-band,,,
US189,T4,13.0,13.0,369,false,0,0,0,0,0,0,0.00,0.00,0.00,none,,reject-tier,not-t1-score-band,,,
I794,T4,12.9,12.9,370,false,0,0,0,0,0,0,0.00,0.00,0.00,none,,reject-tier,not-t1-score-band,,,
I894,T4,12.4,12.4,371,false,0,0,0,0,0,0,0.00,0.00,0.00,none,,reject-tier,not-t1-score-band,,,
US276,T4,12.3,12.3,372,false,0,0,0,0,0,0,0.00,0.00,0.00,none,,reject-tier,not-t1-score-band,,,
US129,T4,11.5,11.5,373,false,0,0,0,0,0,0,0.00,0.00,0.00,none,,reject-tier,not-t1-score-band,,,
I35W,T4,11.4,11.4,374,false,0,0,0,0,0,0,0.00,0.00,0.00,none,,reject-tier,not-t1-score-band,,,
US176,T4,10.8,10.8,375,false,0,0,0,0,0,0,0.00,0.00,0.00,none,,reject-tier,not-t1-score-band,,,
I1,T4,10.3,10.3,376,false,0,0,0,0,0,0,0.00,0.00,0.00,none,,reject-tier,not-t1-score-band,,,
US441,T4,10.3,10.3,377,false,0,0,0,0,0,0,0.00,0.00,0.00,none,,reject-tier,not-t1-score-band,,,
US401,T4,10.1,10.1,378,false,0,0,0,0,0,0,0.00,0.00,0.00,none,,reject-tier,not-t1-score-band,,,
US3,T4,9.9,9.9,379,false,0,0,0,0,0,0,0.00,0.00,0.00,none,,reject-tier,not-t1-score-band,,,
US31E,T4,9.2,9.2,380,false,0,0,0,0,0,0,0.00,0.00,0.00,none,,reject-tier,not-t1-score-band,,,
US275,T4,9.0,9.0,381,false,0,0,0,0,0,0,0.00,0.00,0.00,none,,reject-tier,not-t1-score-band,,,
US56,T4,8.6,8.6,382,false,0,0,0,0,0,0,0.00,0.00,0.00,none,,reject-tier,not-t1-score-band,,,
US400,T4,8.4,8.4,383,false,0,0,0,0,0,0,0.00,0.00,0.00,none,,reject-tier,not-t1-score-band,,,
I3,T4,8.2,8.2,384,false,0,0,0,0,0,0,0.00,0.00,0.00,none,,reject-tier,not-t1-score-band,,,
US8,T4,6.8,6.8,385,false,0,0,0,0,0,0,0.00,0.00,0.00,none,,reject-tier,not-t1-score-band,,,
I201,T4,5.8,5.8,386,false,0,0,0,0,0,0,0.00,0.00,0.00,none,,reject-tier,not-t1-score-band,,,
