tier,region_id,component_id,route,parent_trunks,route_miles,column_decision,treatment_status,evidence_status,pavement_debt_cost_m,pavement_debt_class,pavement_debt_basis,hard_blocker_count,claim_blocker_count,constraint_debt_cost_m,lifecycle_debt_cost_m,constraint_penalty_score,top_constraint_classes,constraint_ledger_artifact,regionalizer_action,validation_status
T2,component-0,0,I110,I10,79.07759663395173,review,review-treatment,review,40.0,repair-debt,route-level pavement debt rollup across 4 bundle(s) pending candidate bundle materialization,0,0,40.0,0.0,40.0,asset_condition_debt,data/optimizer-constraint-ledger.csv,hold-for-parent-region-review,review
T2,component-0,0,I15,I70;I84;I90,2882.0498515577588,selected,selected-treatment,accepted,0.0,none,no pavement debt row joined,0,0,0.0,0.0,0.0,none,,include-in-regional-treatment,pass
T2,component-0,0,I195,I64;I95,183.9437239656403,selected,selected-treatment,accepted,0.0,none,no pavement debt row joined,0,0,0.0,0.0,0.0,none,,include-in-regional-treatment,pass
T2,component-0,0,I205,I5,101.2996956423661,review,review-treatment,review,0.0,none,no pavement debt row joined,0,0,0.0,0.0,0.0,none,,hold-for-parent-region-review,review
T2,component-1,1,I22,I20;I40,403.626182125411,selected,selected-treatment,beck-contact-observed,0.0,none,no pavement debt row joined,0,0,0.0,0.0,0.0,none,,include-in-regional-treatment,pass
T2,component-0,0,I220,I20;I55,58.889200974782334,selected,selected-treatment,accepted,35.0,repair-debt,route-level pavement debt rollup across 2 bundle(s) pending candidate bundle materialization,0,0,35.0,0.0,35.0,asset_condition_debt,data/optimizer-constraint-ledger.csv,include-in-regional-treatment,pass
T2,component-0,0,I225,I70,22.247843668413957,review,review-treatment,review,0.0,none,no pavement debt row joined,0,0,0.0,0.0,0.0,none,,hold-for-parent-region-review,review
T2,component-0,0,I24,I40;I69;I75,634.6814060642255,selected,selected-treatment,accepted,0.0,none,no pavement debt row joined,0,0,0.0,0.0,0.0,none,,include-in-regional-treatment,pass
T2,component-0,0,I240,I40,92.61642981794577,review,review-treatment,review,0.0,none,no pavement debt row joined,0,0,0.0,0.0,0.0,none,,hold-for-parent-region-review,review
T2,component-0,0,I25,I10;I70;I90,2125.8241544628104,selected,selected-treatment,accepted,0.0,none,no pavement debt row joined,0,0,0.0,0.0,0.0,none,,include-in-regional-treatment,pass
T2,component-0,0,I264,I64,95.3618769559362,review,review-treatment,review,0.0,none,no pavement debt row joined,0,0,0.0,0.0,0.0,none,,hold-for-parent-region-review,review
T2,component-0,0,I270,I55;I70,341.7794496022476,selected,selected-treatment,accepted,0.0,none,no pavement debt row joined,0,0,0.0,0.0,0.0,none,,include-in-regional-treatment,pass
T2,component-0,0,I275,I40;I75,362.0709655436045,selected,selected-treatment,accepted,0.0,none,no pavement debt row joined,0,0,0.0,0.0,0.0,none,,include-in-regional-treatment,pass
T2,component-0,0,I285,I40,172.22132483226093,review,review-treatment,closure-accepted-bundle-ready,0.0,none,no pavement debt row joined,0,0,0.0,0.0,0.0,none,,hold-for-parent-region-review,review
T2,component-0,0,I29,I35;I70,1499.3473610974459,selected,selected-treatment,accepted,0.0,none,no pavement debt row joined,0,0,0.0,0.0,0.0,none,,include-in-regional-treatment,pass
T2,component-0,0,I295,I64;I95,632.901937766097,selected,selected-treatment,accepted,0.0,none,no pavement debt row joined,0,0,0.0,0.0,0.0,none,,include-in-regional-treatment,pass
T2,component-0,0,I30,I20;I40;I45,755.3684247632106,selected,selected-treatment,accepted,0.0,none,no pavement debt row joined,0,0,0.0,0.0,0.0,none,,include-in-regional-treatment,pass
T2,component-0,0,I37,I35,287.5145542182414,review,review-treatment,review,0.0,none,no pavement debt row joined,0,0,0.0,0.0,0.0,none,,hold-for-parent-region-review,review
T2,component-0,0,I405,I5;I90,213.2352757018074,selected,selected-treatment,accepted,0.0,none,no pavement debt row joined,0,0,0.0,0.0,0.0,none,,include-in-regional-treatment,pass
T2,component-0,0,I44,I70,1272.916100947567,review,review-treatment,review,0.0,none,no pavement debt row joined,0,0,0.0,0.0,0.0,none,,hold-for-parent-region-review,review
T2,component-0,0,I49,I10;I20;I40,1117.6908164996735,selected,selected-treatment,accepted,0.0,none,no pavement debt row joined,0,0,0.0,0.0,0.0,none,,include-in-regional-treatment,pass
T2,component-0,0,I495,I90;I95,564.4274181326756,selected,selected-treatment,accepted,0.0,none,no pavement debt row joined,0,0,0.0,0.0,0.0,none,,include-in-regional-treatment,pass
T2,component-0,0,I59,I10;I20,887.1983600653118,selected,selected-treatment,accepted,0.0,none,no pavement debt row joined,0,0,0.0,0.0,0.0,none,,include-in-regional-treatment,pass
T2,component-0,0,I610,I10,85.8911060043158,review,review-treatment,review,0.0,none,no pavement debt row joined,0,0,0.0,0.0,0.0,none,,hold-for-parent-region-review,review
T2,component-0,0,I635,I20;I35,101.30776232626977,selected,selected-treatment,accepted,0.0,none,no pavement debt row joined,0,0,0.0,0.0,0.0,none,,include-in-regional-treatment,pass
T2,component-0,0,I65,I10;I20;I64;I90,1776.6082200738344,selected,selected-treatment,accepted,0.0,none,no pavement debt row joined,0,0,0.0,0.0,0.0,none,,include-in-regional-treatment,pass
T2,component-0,0,I664,I64,39.22587279222063,review,review-treatment,review,0.0,none,no pavement debt row joined,0,0,0.0,0.0,0.0,none,,hold-for-parent-region-review,review
T2,component-0,0,I680,I80,224.59659721909517,review,review-treatment,review,0.0,none,no pavement debt row joined,0,0,0.0,0.0,0.0,none,,hold-for-parent-region-review,review
T2,component-0,0,I76,I70;I80,1244.4171797436604,selected,selected-treatment,accepted,0.0,none,no pavement debt row joined,0,0,0.0,0.0,0.0,none,,include-in-regional-treatment,pass
T2,component-0,0,I77,I64;I80;I90,1225.3540650062364,selected,selected-treatment,accepted,0.0,none,no pavement debt row joined,0,0,0.0,0.0,0.0,none,,include-in-regional-treatment,pass
T2,component-0,0,I81,I40;I64,1704.6010415783205,selected,selected-treatment,accepted,0.0,none,no pavement debt row joined,0,0,0.0,0.0,0.0,none,,include-in-regional-treatment,pass
T2,component-0,0,I85,I40;I75;I95,1376.1656231404718,selected,selected-treatment,accepted,0.0,none,no pavement debt row joined,0,0,0.0,0.0,0.0,none,,include-in-regional-treatment,pass
T2,component-0,0,US2,I35;I5;I90,31.18974372317038,selected,selected-treatment,accepted,0.4,evidence-debt,route-level pavement debt rollup across 1 bundle(s) pending candidate bundle materialization,0,0,0.4,0.0,0.4,asset_condition_debt,data/optimizer-constraint-ledger.csv,include-in-regional-treatment,pass
T2,component-0,0,US287,I20;I35;I40;I45;I70;I80,541.9201889358089,selected,selected-treatment,accepted,3.55,evidence-debt,route-level pavement debt rollup across 1 bundle(s) pending candidate bundle materialization,0,0,3.55,0.0,3.55,asset_condition_debt,data/optimizer-constraint-ledger.csv,include-in-regional-treatment,pass
T2,component-0,0,US30,I35;I5;I69;I70;I80;I84;I95,1898.762978041829,selected,selected-treatment,accepted,5.85,evidence-debt,route-level pavement debt rollup across 1 bundle(s) pending candidate bundle materialization,0,0,5.85,0.0,5.85,asset_condition_debt,data/optimizer-constraint-ledger.csv,include-in-regional-treatment,pass
T2,component-0,0,US6,I70;I80;I84;I90;I94;I95,1021.5560935857612,selected,selected-treatment,accepted,5.95,evidence-debt,route-level pavement debt rollup across 1 bundle(s) pending candidate bundle materialization,0,0,5.95,0.0,5.95,asset_condition_debt,data/optimizer-constraint-ledger.csv,include-in-regional-treatment,pass
T2,component-0,0,US70,I10;I35;I40;I55,503.6304093279522,selected,selected-treatment,accepted,2.7,evidence-debt,route-level pavement debt rollup across 1 bundle(s) pending candidate bundle materialization,0,0,2.7,0.0,2.7,asset_condition_debt,data/optimizer-constraint-ledger.csv,include-in-regional-treatment,pass
T2,component-0,0,US80,I10;I20,252.90870571956427,selected,selected-treatment,accepted,1.6,evidence-debt,route-level pavement debt rollup across 1 bundle(s) pending candidate bundle materialization,0,0,1.6,0.0,1.6,asset_condition_debt,data/optimizer-constraint-ledger.csv,include-in-regional-treatment,pass
T2,component-0,0,US83,I10;I35;I90;I94,298.2769331058611,selected,selected-treatment,accepted,0.9,evidence-debt,route-level pavement debt rollup across 1 bundle(s) pending candidate bundle materialization,0,0,0.9,0.0,0.9,asset_condition_debt,data/optimizer-constraint-ledger.csv,include-in-regional-treatment,pass
T2,component-0,0,US90,I10;I35,505.79383424874084,selected,selected-treatment,accepted,0.0,none,no pavement debt row joined,0,0,0.0,0.0,0.0,none,,include-in-regional-treatment,pass
