split_plan_id,decision_docket_id,route,blocked_segment_bundle_id,candidate_segment_bundle_id,candidate_stitch_group_id,state_scope,candidate_member_count,candidate_length_miles,split_action,blocked_claims_before,blocked_claims_after,blocker_delta,next_artifact,validation_status
T2STITCHEDSPLIT-T2STITCHEDDECISIONT2STITCHEDSCOPET2STITCHEDREGISTRYHANDOFFT2NATIONALBUNDLEAUDITT2BUNDLEREADINESSREPLAYT2BUNDLEREADINESSEVIDENCET2BUNDLEREADINESSREPAIRT2BUNDLEREADINESST2OVERLAYREPAIRT2GAMEOPSDECISIONT2GAMEOPSINTAKECBT2BUNDLEUSHWYBUNDLEBCBAB11FF37E74DA-USHWYBUNDLEBCBAB11FF37E74DA,T2STITCHEDDECISION-T2STITCHEDSCOPET2STITCHEDREGISTRYHANDOFFT2NATIONALBUNDLEAUDITT2BUNDLEREADINESSREPLAYT2BUNDLEREADINESSEVIDENCET2BUNDLEREADINESSREPAIRT2BUNDLEREADINESST2OVERLAYREPAIRT2GAMEOPSDECISIONT2GAMEOPSINTAKECBT2BUNDLEUSHWYBUNDLEBCBAB11FF37E74DA,I295,US.HWYBUNDLE.BCBAB11FF37E74DA,US.HWYBUNDLE.BCBAB11FF37E74DA,US.HWYSTITCH.80CDE3BE5D83D7AD,FL,1,1.2,review-state-scoped-candidate-before-membership-mutation,game;incident;publication;upgrade,game;incident;publication;upgrade,0,data/national-segment-registry.csv,review
T2STITCHEDSPLIT-T2STITCHEDDECISIONT2STITCHEDSCOPET2STITCHEDREGISTRYHANDOFFT2NATIONALBUNDLEAUDITT2BUNDLEREADINESSREPLAYT2BUNDLEREADINESSEVIDENCET2BUNDLEREADINESSREPAIRT2BUNDLEREADINESST2OVERLAYREPAIRT2GAMEOPSDECISIONT2GAMEOPSINTAKECBT2BUNDLEUSHWYBUNDLEBCBAB11FF37E74DA-USHWYBUNDLEBCBE8A1FF3821B6C,T2STITCHEDDECISION-T2STITCHEDSCOPET2STITCHEDREGISTRYHANDOFFT2NATIONALBUNDLEAUDITT2BUNDLEREADINESSREPLAYT2BUNDLEREADINESSEVIDENCET2BUNDLEREADINESSREPAIRT2BUNDLEREADINESST2OVERLAYREPAIRT2GAMEOPSDECISIONT2GAMEOPSINTAKECBT2BUNDLEUSHWYBUNDLEBCBAB11FF37E74DA,I295,US.HWYBUNDLE.BCBAB11FF37E74DA,US.HWYBUNDLE.BCBE8A1FF3821B6C,US.HWYSTITCH.80CAF2BE5D81BB53,GA,2,120.5,review-state-scoped-candidate-before-membership-mutation,game;incident;publication;upgrade,game;incident;publication;upgrade,0,data/national-segment-registry.csv,review
T2STITCHEDSPLIT-T2STITCHEDDECISIONT2STITCHEDSCOPET2STITCHEDREGISTRYHANDOFFT2NATIONALBUNDLEAUDITT2BUNDLEREADINESSREPLAYT2BUNDLEREADINESSEVIDENCET2BUNDLEREADINESSREPAIRT2BUNDLEREADINESST2OVERLAYREPAIRT2GAMEOPSDECISIONT2GAMEOPSINTAKECBT2BUNDLEUSHWYBUNDLEBCBAB11FF37E74DA-USHWYBUNDLEBCD26E1FF39294E2,T2STITCHEDDECISION-T2STITCHEDSCOPET2STITCHEDREGISTRYHANDOFFT2NATIONALBUNDLEAUDITT2BUNDLEREADINESSREPLAYT2BUNDLEREADINESSEVIDENCET2BUNDLEREADINESSREPAIRT2BUNDLEREADINESST2OVERLAYREPAIRT2GAMEOPSDECISIONT2GAMEOPSINTAKECBT2BUNDLEUSHWYBUNDLEBCBAB11FF37E74DA,I295,US.HWYBUNDLE.BCBAB11FF37E74DA,US.HWYBUNDLE.BCD26E1FF39294E2,US.HWYSTITCH.80ECEEBE5D9E9AED,MA,6,55.2,review-state-scoped-candidate-before-membership-mutation,game;incident;publication;upgrade,game;incident;publication;upgrade,0,data/national-segment-registry.csv,review
T2STITCHEDSPLIT-T2STITCHEDDECISIONT2STITCHEDSCOPET2STITCHEDREGISTRYHANDOFFT2NATIONALBUNDLEAUDITT2BUNDLEREADINESSREPLAYT2BUNDLEREADINESSEVIDENCET2BUNDLEREADINESSREPAIRT2BUNDLEREADINESST2OVERLAYREPAIRT2GAMEOPSDECISIONT2GAMEOPSINTAKECBT2BUNDLEUSHWYBUNDLEBCBAB11FF37E74DA-USHWYBUNDLEBCD26A1FF3928E16,T2STITCHEDDECISION-T2STITCHEDSCOPET2STITCHEDREGISTRYHANDOFFT2NATIONALBUNDLEAUDITT2BUNDLEREADINESSREPLAYT2BUNDLEREADINESSEVIDENCET2BUNDLEREADINESSREPAIRT2BUNDLEREADINESST2OVERLAYREPAIRT2GAMEOPSDECISIONT2GAMEOPSINTAKECBT2BUNDLEUSHWYBUNDLEBCBAB11FF37E74DA,I295,US.HWYBUNDLE.BCBAB11FF37E74DA,US.HWYBUNDLE.BCD26A1FF3928E16,US.HWYSTITCH.80ECEABE5D9E9421,ME,6,105.4,review-state-scoped-candidate-before-membership-mutation,game;incident;publication;upgrade,game;incident;publication;upgrade,0,data/national-segment-registry.csv,review
T2STITCHEDSPLIT-T2STITCHEDDECISIONT2STITCHEDSCOPET2STITCHEDREGISTRYHANDOFFT2NATIONALBUNDLEAUDITT2BUNDLEREADINESSREPLAYT2BUNDLEREADINESSEVIDENCET2BUNDLEREADINESSREPAIRT2BUNDLEREADINESST2OVERLAYREPAIRT2GAMEOPSDECISIONT2GAMEOPSINTAKECBT2BUNDLEUSHWYBUNDLEBCBAB11FF37E74DA-USHWYBUNDLEBCD64B1FF3964240,T2STITCHEDDECISION-T2STITCHEDSCOPET2STITCHEDREGISTRYHANDOFFT2NATIONALBUNDLEAUDITT2BUNDLEREADINESSREPLAYT2BUNDLEREADINESSEVIDENCET2BUNDLEREADINESSREPAIRT2BUNDLEREADINESST2OVERLAYREPAIRT2GAMEOPSDECISIONT2GAMEOPSINTAKECBT2BUNDLEUSHWYBUNDLEBCBAB11FF37E74DA,I295,US.HWYBUNDLE.BCBAB11FF37E74DA,US.HWYBUNDLE.BCD64B1FF3964240,US.HWYSTITCH.80E8FDBE5D9ACB93,NJ,8,5.7,review-state-scoped-candidate-before-membership-mutation,game;incident;publication;upgrade,game;incident;publication;upgrade,0,data/national-segment-registry.csv,review
T2STITCHEDSPLIT-T2STITCHEDDECISIONT2STITCHEDSCOPET2STITCHEDREGISTRYHANDOFFT2NATIONALBUNDLEAUDITT2BUNDLEREADINESSREPLAYT2BUNDLEREADINESSEVIDENCET2BUNDLEREADINESSREPAIRT2BUNDLEREADINESST2OVERLAYREPAIRT2GAMEOPSDECISIONT2GAMEOPSINTAKECBT2BUNDLEUSHWYBUNDLEBCBAB11FF37E74DA-USHWYBUNDLEBCD65E1FF3966289,T2STITCHEDDECISION-T2STITCHEDSCOPET2STITCHEDREGISTRYHANDOFFT2NATIONALBUNDLEAUDITT2BUNDLEREADINESSREPLAYT2BUNDLEREADINESSEVIDENCET2BUNDLEREADINESSREPAIRT2BUNDLEREADINESST2OVERLAYREPAIRT2GAMEOPSDECISIONT2GAMEOPSINTAKECBT2BUNDLEUSHWYBUNDLEBCBAB11FF37E74DA,I295,US.HWYBUNDLE.BCBAB11FF37E74DA,US.HWYBUNDLE.BCD65E1FF3966289,US.HWYSTITCH.80E90EBE5D9AE876,NY,4,14.2,review-state-scoped-candidate-before-membership-mutation,game;incident;publication;upgrade,game;incident;publication;upgrade,0,data/national-segment-registry.csv,review
T2STITCHEDSPLIT-T2STITCHEDDECISIONT2STITCHEDSCOPET2STITCHEDREGISTRYHANDOFFT2NATIONALBUNDLEAUDITT2BUNDLEREADINESSREPLAYT2BUNDLEREADINESSEVIDENCET2BUNDLEREADINESSREPAIRT2BUNDLEREADINESST2OVERLAYREPAIRT2GAMEOPSDECISIONT2GAMEOPSINTAKECBT2BUNDLEUSHWYBUNDLEBCBAB11FF37E74DA-USHWYBUNDLEBCDCA21FF39B41C3,T2STITCHEDDECISION-T2STITCHEDSCOPET2STITCHEDREGISTRYHANDOFFT2NATIONALBUNDLEAUDITT2BUNDLEREADINESSREPLAYT2BUNDLEREADINESSEVIDENCET2BUNDLEREADINESSREPAIRT2BUNDLEREADINESST2OVERLAYREPAIRT2GAMEOPSDECISIONT2GAMEOPSINTAKECBT2BUNDLEUSHWYBUNDLEBCBAB11FF37E74DA,I295,US.HWYBUNDLE.BCBAB11FF37E74DA,US.HWYBUNDLE.BCDCA21FF39B41C3,US.HWYSTITCH.81191ABE5DC4209C,PA,22,187.1,review-state-scoped-candidate-before-membership-mutation,game;incident;publication;upgrade,game;incident;publication;upgrade,0,data/national-segment-registry.csv,review
T2STITCHEDSPLIT-T2STITCHEDDECISIONT2STITCHEDSCOPET2STITCHEDREGISTRYHANDOFFT2NATIONALBUNDLEAUDITT2BUNDLEREADINESSREPLAYT2BUNDLEREADINESSEVIDENCET2BUNDLEREADINESSREPAIRT2BUNDLEREADINESST2OVERLAYREPAIRT2GAMEOPSDECISIONT2GAMEOPSINTAKECBT2BUNDLEUSHWYBUNDLEBCBAB11FF37E74DA-USHWYBUNDLEBCE7541FF3A4C4BE,T2STITCHEDDECISION-T2STITCHEDSCOPET2STITCHEDREGISTRYHANDOFFT2NATIONALBUNDLEAUDITT2BUNDLEREADINESSREPLAYT2BUNDLEREADINESSEVIDENCET2BUNDLEREADINESSREPAIRT2BUNDLEREADINESST2OVERLAYREPAIRT2GAMEOPSDECISIONT2GAMEOPSINTAKECBT2BUNDLEUSHWYBUNDLEBCBAB11FF37E74DA,I295,US.HWYBUNDLE.BCBAB11FF37E74DA,US.HWYBUNDLE.BCE7541FF3A4C4BE,US.HWYSTITCH.810EECBE5DBB7DED,SC,4,28.0,review-state-scoped-candidate-before-membership-mutation,game;incident;publication;upgrade,game;incident;publication;upgrade,0,data/national-segment-registry.csv,review
T2STITCHEDSPLIT-T2STITCHEDDECISIONT2STITCHEDSCOPET2STITCHEDREGISTRYHANDOFFT2NATIONALBUNDLEAUDITT2BUNDLEREADINESSREPLAYT2BUNDLEREADINESSEVIDENCET2BUNDLEREADINESSREPAIRT2BUNDLEREADINESST2OVERLAYREPAIRT2GAMEOPSDECISIONT2GAMEOPSINTAKECBT2BUNDLEUSHWYBUNDLEBCBAB11FF37E74DA-USHWYBUNDLEBCF1861FF3AD6E39,T2STITCHEDDECISION-T2STITCHEDSCOPET2STITCHEDREGISTRYHANDOFFT2NATIONALBUNDLEAUDITT2BUNDLEREADINESSREPLAYT2BUNDLEREADINESSEVIDENCET2BUNDLEREADINESSREPAIRT2BUNDLEREADINESST2OVERLAYREPAIRT2GAMEOPSDECISIONT2GAMEOPSINTAKECBT2BUNDLEUSHWYBUNDLEBCBAB11FF37E74DA,I295,US.HWYBUNDLE.BCBAB11FF37E74DA,US.HWYBUNDLE.BCF1861FF3AD6E39,US.HWYSTITCH.8104B6BE5DB2CDA6,VA,31,115.3,review-state-scoped-candidate-before-membership-mutation,game;incident;publication;upgrade,game;incident;publication;upgrade,0,data/national-segment-registry.csv,review
T2STITCHEDSPLIT-T2STITCHEDDECISIONT2STITCHEDSCOPET2STITCHEDREGISTRYHANDOFFT2NATIONALBUNDLEAUDITT2BUNDLEREADINESSREPLAYT2BUNDLEREADINESSEVIDENCET2BUNDLEREADINESSREPAIRT2BUNDLEREADINESST2OVERLAYREPAIRT2GAMEOPSDECISIONT2GAMEOPSINTAKECBT2BUNDLEUSHWYBUNDLE151E853156D7ED4B-USHWYBUNDLE151E853156D7ED4B,T2STITCHEDDECISION-T2STITCHEDSCOPET2STITCHEDREGISTRYHANDOFFT2NATIONALBUNDLEAUDITT2BUNDLEREADINESSREPLAYT2BUNDLEREADINESSEVIDENCET2BUNDLEREADINESSREPAIRT2BUNDLEREADINESST2OVERLAYREPAIRT2GAMEOPSDECISIONT2GAMEOPSINTAKECBT2BUNDLEUSHWYBUNDLE151E853156D7ED4B,I664,US.HWYBUNDLE.151E853156D7ED4B,US.HWYBUNDLE.151E853156D7ED4B,US.HWYSTITCH.C9EF07903A725C8C,NC,1,5.7,review-state-scoped-candidate-before-membership-mutation,game;incident;publication;upgrade,game;incident;publication;upgrade,0,data/national-segment-registry.csv,review
T2STITCHEDSPLIT-T2STITCHEDDECISIONT2STITCHEDSCOPET2STITCHEDREGISTRYHANDOFFT2NATIONALBUNDLEAUDITT2BUNDLEREADINESSREPLAYT2BUNDLEREADINESSEVIDENCET2BUNDLEREADINESSREPAIRT2BUNDLEREADINESST2OVERLAYREPAIRT2GAMEOPSDECISIONT2GAMEOPSINTAKECBT2BUNDLEUSHWYBUNDLE151E853156D7ED4B-USHWYBUNDLE1539B73156EF09F9,T2STITCHEDDECISION-T2STITCHEDSCOPET2STITCHEDREGISTRYHANDOFFT2NATIONALBUNDLEAUDITT2BUNDLEREADINESSREPLAYT2BUNDLEREADINESSEVIDENCET2BUNDLEREADINESSREPAIRT2BUNDLEREADINESST2OVERLAYREPAIRT2GAMEOPSDECISIONT2GAMEOPSINTAKECBT2BUNDLEUSHWYBUNDLE151E853156D7ED4B,I664,US.HWYBUNDLE.151E853156D7ED4B,US.HWYBUNDLE.1539B73156EF09F9,US.HWYSTITCH.C99D79903A2D141A,VA,7,33.4,review-state-scoped-candidate-before-membership-mutation,game;incident;publication;upgrade,game;incident;publication;upgrade,0,data/national-segment-registry.csv,review
