acquisition_docket_id,evidence_contract_id,route,candidate_segment_bundle_id,state_scope,source_owner,source_target,acquisition_action,acquisition_status,blocked_claims_before,blocked_claims_after,blocker_delta,next_artifact,validation_status
T2STITCHEDACQUIRE-T2STITCHEDEVIDENCET2STITCHEDSELECTT2STITCHEDSPLITT2STITCHEDDECISIONT2STITCHEDSCOPET2STITCHEDREGISTRYHANDOFFT2NATIONALBUNDLEAUDITT2BUNDLEREADINESSREPLAYT2BUNDLEREADINESSEVIDENCET2BUNDLEREADINESSREPAIRT2BUNDLEREADINESST2OVERLAYREPAIRT2GAMEOPSDECISIONT2GAMEOPSINTAKECBT2BUNDLEUSHWYBUNDLEBCBAB11FF37E74DAUSHWYBUNDLEBCBAB11FF37E74DA,T2STITCHEDEVIDENCE-T2STITCHEDSELECTT2STITCHEDSPLITT2STITCHEDDECISIONT2STITCHEDSCOPET2STITCHEDREGISTRYHANDOFFT2NATIONALBUNDLEAUDITT2BUNDLEREADINESSREPLAYT2BUNDLEREADINESSEVIDENCET2BUNDLEREADINESSREPAIRT2BUNDLEREADINESST2OVERLAYREPAIRT2GAMEOPSDECISIONT2GAMEOPSINTAKECBT2BUNDLEUSHWYBUNDLEBCBAB11FF37E74DAUSHWYBUNDLEBCBAB11FF37E74DA,I295,US.HWYBUNDLE.BCBAB11FF37E74DA,FL,FL DOT,"FL DOT route log, GIS centerline, or official route description for I295 FL",manual-source-request-or-cache-official-route-geometry-before-decision,source-needed,game;incident;publication;upgrade,game;incident;publication;upgrade,0,data/national-segment-registry.csv,review
T2STITCHEDACQUIRE-T2STITCHEDEVIDENCET2STITCHEDSELECTT2STITCHEDSPLITT2STITCHEDDECISIONT2STITCHEDSCOPET2STITCHEDREGISTRYHANDOFFT2NATIONALBUNDLEAUDITT2BUNDLEREADINESSREPLAYT2BUNDLEREADINESSEVIDENCET2BUNDLEREADINESSREPAIRT2BUNDLEREADINESST2OVERLAYREPAIRT2GAMEOPSDECISIONT2GAMEOPSINTAKECBT2BUNDLEUSHWYBUNDLEBCBAB11FF37E74DAUSHWYBUNDLEBCBE8A1FF3821B6C,T2STITCHEDEVIDENCE-T2STITCHEDSELECTT2STITCHEDSPLITT2STITCHEDDECISIONT2STITCHEDSCOPET2STITCHEDREGISTRYHANDOFFT2NATIONALBUNDLEAUDITT2BUNDLEREADINESSREPLAYT2BUNDLEREADINESSEVIDENCET2BUNDLEREADINESSREPAIRT2BUNDLEREADINESST2OVERLAYREPAIRT2GAMEOPSDECISIONT2GAMEOPSINTAKECBT2BUNDLEUSHWYBUNDLEBCBAB11FF37E74DAUSHWYBUNDLEBCBE8A1FF3821B6C,I295,US.HWYBUNDLE.BCBE8A1FF3821B6C,GA,GA DOT,"GA DOT route log, GIS centerline, or official route description for I295 GA",manual-source-request-or-cache-official-route-geometry-before-decision,source-needed,game;incident;publication;upgrade,game;incident;publication;upgrade,0,data/national-segment-registry.csv,review
T2STITCHEDACQUIRE-T2STITCHEDEVIDENCET2STITCHEDSELECTT2STITCHEDSPLITT2STITCHEDDECISIONT2STITCHEDSCOPET2STITCHEDREGISTRYHANDOFFT2NATIONALBUNDLEAUDITT2BUNDLEREADINESSREPLAYT2BUNDLEREADINESSEVIDENCET2BUNDLEREADINESSREPAIRT2BUNDLEREADINESST2OVERLAYREPAIRT2GAMEOPSDECISIONT2GAMEOPSINTAKECBT2BUNDLEUSHWYBUNDLEBCBAB11FF37E74DAUSHWYBUNDLEBCD26E1FF39294E2,T2STITCHEDEVIDENCE-T2STITCHEDSELECTT2STITCHEDSPLITT2STITCHEDDECISIONT2STITCHEDSCOPET2STITCHEDREGISTRYHANDOFFT2NATIONALBUNDLEAUDITT2BUNDLEREADINESSREPLAYT2BUNDLEREADINESSEVIDENCET2BUNDLEREADINESSREPAIRT2BUNDLEREADINESST2OVERLAYREPAIRT2GAMEOPSDECISIONT2GAMEOPSINTAKECBT2BUNDLEUSHWYBUNDLEBCBAB11FF37E74DAUSHWYBUNDLEBCD26E1FF39294E2,I295,US.HWYBUNDLE.BCD26E1FF39294E2,MA,MA DOT,"MA DOT route log, GIS centerline, or official route description for I295 MA",manual-source-request-or-cache-official-route-geometry-before-decision,source-needed,game;incident;publication;upgrade,game;incident;publication;upgrade,0,data/national-segment-registry.csv,review
T2STITCHEDACQUIRE-T2STITCHEDEVIDENCET2STITCHEDSELECTT2STITCHEDSPLITT2STITCHEDDECISIONT2STITCHEDSCOPET2STITCHEDREGISTRYHANDOFFT2NATIONALBUNDLEAUDITT2BUNDLEREADINESSREPLAYT2BUNDLEREADINESSEVIDENCET2BUNDLEREADINESSREPAIRT2BUNDLEREADINESST2OVERLAYREPAIRT2GAMEOPSDECISIONT2GAMEOPSINTAKECBT2BUNDLEUSHWYBUNDLEBCBAB11FF37E74DAUSHWYBUNDLEBCD26A1FF3928E16,T2STITCHEDEVIDENCE-T2STITCHEDSELECTT2STITCHEDSPLITT2STITCHEDDECISIONT2STITCHEDSCOPET2STITCHEDREGISTRYHANDOFFT2NATIONALBUNDLEAUDITT2BUNDLEREADINESSREPLAYT2BUNDLEREADINESSEVIDENCET2BUNDLEREADINESSREPAIRT2BUNDLEREADINESST2OVERLAYREPAIRT2GAMEOPSDECISIONT2GAMEOPSINTAKECBT2BUNDLEUSHWYBUNDLEBCBAB11FF37E74DAUSHWYBUNDLEBCD26A1FF3928E16,I295,US.HWYBUNDLE.BCD26A1FF3928E16,ME,ME DOT,"ME DOT route log, GIS centerline, or official route description for I295 ME",manual-source-request-or-cache-official-route-geometry-before-decision,source-needed,game;incident;publication;upgrade,game;incident;publication;upgrade,0,data/national-segment-registry.csv,review
T2STITCHEDACQUIRE-T2STITCHEDEVIDENCET2STITCHEDSELECTT2STITCHEDSPLITT2STITCHEDDECISIONT2STITCHEDSCOPET2STITCHEDREGISTRYHANDOFFT2NATIONALBUNDLEAUDITT2BUNDLEREADINESSREPLAYT2BUNDLEREADINESSEVIDENCET2BUNDLEREADINESSREPAIRT2BUNDLEREADINESST2OVERLAYREPAIRT2GAMEOPSDECISIONT2GAMEOPSINTAKECBT2BUNDLEUSHWYBUNDLEBCBAB11FF37E74DAUSHWYBUNDLEBCD64B1FF3964240,T2STITCHEDEVIDENCE-T2STITCHEDSELECTT2STITCHEDSPLITT2STITCHEDDECISIONT2STITCHEDSCOPET2STITCHEDREGISTRYHANDOFFT2NATIONALBUNDLEAUDITT2BUNDLEREADINESSREPLAYT2BUNDLEREADINESSEVIDENCET2BUNDLEREADINESSREPAIRT2BUNDLEREADINESST2OVERLAYREPAIRT2GAMEOPSDECISIONT2GAMEOPSINTAKECBT2BUNDLEUSHWYBUNDLEBCBAB11FF37E74DAUSHWYBUNDLEBCD64B1FF3964240,I295,US.HWYBUNDLE.BCD64B1FF3964240,NJ,NJ DOT,"NJ DOT route log, GIS centerline, or official route description for I295 NJ",manual-source-request-or-cache-official-route-geometry-before-decision,source-needed,game;incident;publication;upgrade,game;incident;publication;upgrade,0,data/national-segment-registry.csv,review
T2STITCHEDACQUIRE-T2STITCHEDEVIDENCET2STITCHEDSELECTT2STITCHEDSPLITT2STITCHEDDECISIONT2STITCHEDSCOPET2STITCHEDREGISTRYHANDOFFT2NATIONALBUNDLEAUDITT2BUNDLEREADINESSREPLAYT2BUNDLEREADINESSEVIDENCET2BUNDLEREADINESSREPAIRT2BUNDLEREADINESST2OVERLAYREPAIRT2GAMEOPSDECISIONT2GAMEOPSINTAKECBT2BUNDLEUSHWYBUNDLEBCBAB11FF37E74DAUSHWYBUNDLEBCD65E1FF3966289,T2STITCHEDEVIDENCE-T2STITCHEDSELECTT2STITCHEDSPLITT2STITCHEDDECISIONT2STITCHEDSCOPET2STITCHEDREGISTRYHANDOFFT2NATIONALBUNDLEAUDITT2BUNDLEREADINESSREPLAYT2BUNDLEREADINESSEVIDENCET2BUNDLEREADINESSREPAIRT2BUNDLEREADINESST2OVERLAYREPAIRT2GAMEOPSDECISIONT2GAMEOPSINTAKECBT2BUNDLEUSHWYBUNDLEBCBAB11FF37E74DAUSHWYBUNDLEBCD65E1FF3966289,I295,US.HWYBUNDLE.BCD65E1FF3966289,NY,NY DOT,"NY DOT route log, GIS centerline, or official route description for I295 NY",manual-source-request-or-cache-official-route-geometry-before-decision,source-needed,game;incident;publication;upgrade,game;incident;publication;upgrade,0,data/national-segment-registry.csv,review
T2STITCHEDACQUIRE-T2STITCHEDEVIDENCET2STITCHEDSELECTT2STITCHEDSPLITT2STITCHEDDECISIONT2STITCHEDSCOPET2STITCHEDREGISTRYHANDOFFT2NATIONALBUNDLEAUDITT2BUNDLEREADINESSREPLAYT2BUNDLEREADINESSEVIDENCET2BUNDLEREADINESSREPAIRT2BUNDLEREADINESST2OVERLAYREPAIRT2GAMEOPSDECISIONT2GAMEOPSINTAKECBT2BUNDLEUSHWYBUNDLEBCBAB11FF37E74DAUSHWYBUNDLEBCDCA21FF39B41C3,T2STITCHEDEVIDENCE-T2STITCHEDSELECTT2STITCHEDSPLITT2STITCHEDDECISIONT2STITCHEDSCOPET2STITCHEDREGISTRYHANDOFFT2NATIONALBUNDLEAUDITT2BUNDLEREADINESSREPLAYT2BUNDLEREADINESSEVIDENCET2BUNDLEREADINESSREPAIRT2BUNDLEREADINESST2OVERLAYREPAIRT2GAMEOPSDECISIONT2GAMEOPSINTAKECBT2BUNDLEUSHWYBUNDLEBCBAB11FF37E74DAUSHWYBUNDLEBCDCA21FF39B41C3,I295,US.HWYBUNDLE.BCDCA21FF39B41C3,PA,PA DOT,"PA DOT route log, GIS centerline, or official route description for I295 PA",manual-source-request-or-cache-official-route-geometry-before-decision,source-needed,game;incident;publication;upgrade,game;incident;publication;upgrade,0,data/national-segment-registry.csv,review
T2STITCHEDACQUIRE-T2STITCHEDEVIDENCET2STITCHEDSELECTT2STITCHEDSPLITT2STITCHEDDECISIONT2STITCHEDSCOPET2STITCHEDREGISTRYHANDOFFT2NATIONALBUNDLEAUDITT2BUNDLEREADINESSREPLAYT2BUNDLEREADINESSEVIDENCET2BUNDLEREADINESSREPAIRT2BUNDLEREADINESST2OVERLAYREPAIRT2GAMEOPSDECISIONT2GAMEOPSINTAKECBT2BUNDLEUSHWYBUNDLEBCBAB11FF37E74DAUSHWYBUNDLEBCE7541FF3A4C4BE,T2STITCHEDEVIDENCE-T2STITCHEDSELECTT2STITCHEDSPLITT2STITCHEDDECISIONT2STITCHEDSCOPET2STITCHEDREGISTRYHANDOFFT2NATIONALBUNDLEAUDITT2BUNDLEREADINESSREPLAYT2BUNDLEREADINESSEVIDENCET2BUNDLEREADINESSREPAIRT2BUNDLEREADINESST2OVERLAYREPAIRT2GAMEOPSDECISIONT2GAMEOPSINTAKECBT2BUNDLEUSHWYBUNDLEBCBAB11FF37E74DAUSHWYBUNDLEBCE7541FF3A4C4BE,I295,US.HWYBUNDLE.BCE7541FF3A4C4BE,SC,SC DOT,"SC DOT route log, GIS centerline, or official route description for I295 SC",manual-source-request-or-cache-official-route-geometry-before-decision,source-needed,game;incident;publication;upgrade,game;incident;publication;upgrade,0,data/national-segment-registry.csv,review
T2STITCHEDACQUIRE-T2STITCHEDEVIDENCET2STITCHEDSELECTT2STITCHEDSPLITT2STITCHEDDECISIONT2STITCHEDSCOPET2STITCHEDREGISTRYHANDOFFT2NATIONALBUNDLEAUDITT2BUNDLEREADINESSREPLAYT2BUNDLEREADINESSEVIDENCET2BUNDLEREADINESSREPAIRT2BUNDLEREADINESST2OVERLAYREPAIRT2GAMEOPSDECISIONT2GAMEOPSINTAKECBT2BUNDLEUSHWYBUNDLEBCBAB11FF37E74DAUSHWYBUNDLEBCF1861FF3AD6E39,T2STITCHEDEVIDENCE-T2STITCHEDSELECTT2STITCHEDSPLITT2STITCHEDDECISIONT2STITCHEDSCOPET2STITCHEDREGISTRYHANDOFFT2NATIONALBUNDLEAUDITT2BUNDLEREADINESSREPLAYT2BUNDLEREADINESSEVIDENCET2BUNDLEREADINESSREPAIRT2BUNDLEREADINESST2OVERLAYREPAIRT2GAMEOPSDECISIONT2GAMEOPSINTAKECBT2BUNDLEUSHWYBUNDLEBCBAB11FF37E74DAUSHWYBUNDLEBCF1861FF3AD6E39,I295,US.HWYBUNDLE.BCF1861FF3AD6E39,VA,VA DOT,"VA DOT route log, GIS centerline, or official route description for I295 VA",manual-source-request-or-cache-official-route-geometry-before-decision,source-needed,game;incident;publication;upgrade,game;incident;publication;upgrade,0,data/national-segment-registry.csv,review
T2STITCHEDACQUIRE-T2STITCHEDEVIDENCET2STITCHEDSELECTT2STITCHEDSPLITT2STITCHEDDECISIONT2STITCHEDSCOPET2STITCHEDREGISTRYHANDOFFT2NATIONALBUNDLEAUDITT2BUNDLEREADINESSREPLAYT2BUNDLEREADINESSEVIDENCET2BUNDLEREADINESSREPAIRT2BUNDLEREADINESST2OVERLAYREPAIRT2GAMEOPSDECISIONT2GAMEOPSINTAKECBT2BUNDLEUSHWYBUNDLE151E853156D7ED4BUSHWYBUNDLE151E853156D7ED4B,T2STITCHEDEVIDENCE-T2STITCHEDSELECTT2STITCHEDSPLITT2STITCHEDDECISIONT2STITCHEDSCOPET2STITCHEDREGISTRYHANDOFFT2NATIONALBUNDLEAUDITT2BUNDLEREADINESSREPLAYT2BUNDLEREADINESSEVIDENCET2BUNDLEREADINESSREPAIRT2BUNDLEREADINESST2OVERLAYREPAIRT2GAMEOPSDECISIONT2GAMEOPSINTAKECBT2BUNDLEUSHWYBUNDLE151E853156D7ED4BUSHWYBUNDLE151E853156D7ED4B,I664,US.HWYBUNDLE.151E853156D7ED4B,NC,NC DOT,"NC DOT route log, GIS centerline, or official route description for I664 NC",manual-source-request-or-cache-official-route-geometry-before-decision,source-needed,game;incident;publication;upgrade,game;incident;publication;upgrade,0,data/national-segment-registry.csv,review
T2STITCHEDACQUIRE-T2STITCHEDEVIDENCET2STITCHEDSELECTT2STITCHEDSPLITT2STITCHEDDECISIONT2STITCHEDSCOPET2STITCHEDREGISTRYHANDOFFT2NATIONALBUNDLEAUDITT2BUNDLEREADINESSREPLAYT2BUNDLEREADINESSEVIDENCET2BUNDLEREADINESSREPAIRT2BUNDLEREADINESST2OVERLAYREPAIRT2GAMEOPSDECISIONT2GAMEOPSINTAKECBT2BUNDLEUSHWYBUNDLE151E853156D7ED4BUSHWYBUNDLE1539B73156EF09F9,T2STITCHEDEVIDENCE-T2STITCHEDSELECTT2STITCHEDSPLITT2STITCHEDDECISIONT2STITCHEDSCOPET2STITCHEDREGISTRYHANDOFFT2NATIONALBUNDLEAUDITT2BUNDLEREADINESSREPLAYT2BUNDLEREADINESSEVIDENCET2BUNDLEREADINESSREPAIRT2BUNDLEREADINESST2OVERLAYREPAIRT2GAMEOPSDECISIONT2GAMEOPSINTAKECBT2BUNDLEUSHWYBUNDLE151E853156D7ED4BUSHWYBUNDLE1539B73156EF09F9,I664,US.HWYBUNDLE.1539B73156EF09F9,VA,VA DOT,"VA DOT route log, GIS centerline, or official route description for I664 VA",manual-source-request-or-cache-official-route-geometry-before-decision,source-needed,game;incident;publication;upgrade,game;incident;publication;upgrade,0,data/national-segment-registry.csv,review
